,Zone,Shipping Class,,,˷,Currency,
United States,Zone A,no-free-ship,,<100,8.38 ,USD,
United States,Zone A,no-free-ship,,<50,7.50 ,USD,
United Kingdom,Zone A,no-free-ship,,<100,5.15 ,USD,
United Kingdom,Zone A,no-free-ship,,<50,4.41 ,USD,
Sweden,Zone A,no-free-ship,,<100,3.53 ,USD,
Sweden,Zone A,no-free-ship,,<50,2.94 ,USD,
Spain,Zone A,no-free-ship,,<100,3.68 ,USD,
Spain,Zone A,no-free-ship,,<50,3.16 ,USD,
Slovenia,Zone A,no-free-ship,,<100,3.97 ,USD,
Slovenia,Zone A,no-free-ship,,<50,3.38 ,USD,
Slovakia,Zone A,no-free-ship,,<100,3.53 ,USD,
Slovakia,Zone A,no-free-ship,,<50,2.79 ,USD,
Singapore,Zone A,no-free-ship,,<100,2.35 ,USD,
Singapore,Zone A,no-free-ship,,<50,2.13 ,USD,
Romania,Zone A,no-free-ship,,<100,4.85 ,USD,
Romania,Zone A,no-free-ship,,<50,4.34 ,USD,
Republic of Korea,Zone A,no-free-ship,,<100,2.06 ,USD,
Republic of Korea,Zone A,no-free-ship,,<50,1.91 ,USD,
Portugal,Zone A,no-free-ship,,<100,5.15 ,USD,
Portugal,Zone A,no-free-ship,,<50,4.41 ,USD,
Netherlands,Zone A,no-free-ship,,<100,4.41 ,USD,
Netherlands,Zone A,no-free-ship,,<50,3.09 ,USD,
Monaco,Zone A,no-free-ship,,<100,5.15 ,USD,
Monaco,Zone A,no-free-ship,,<50,4.41 ,USD,
Mexico,Zone A,no-free-ship,,<100,3.68 ,USD,
Mexico,Zone A,no-free-ship,,<50,2.72 ,USD,
Malta,Zone A,no-free-ship,,<100,3.53 ,USD,
Malta,Zone A,no-free-ship,,<50,2.21 ,USD,
Luxembourg,Zone A,no-free-ship,,<100,5.15 ,USD,
Luxembourg,Zone A,no-free-ship,,<50,4.56 ,USD,
Lithuania,Zone A,no-free-ship,,<100,2.79 ,USD,
Lithuania,Zone A,no-free-ship,,<50,2.28 ,USD,
Latvia,Zone A,no-free-ship,,<100,2.79 ,USD,
Latvia,Zone A,no-free-ship,,<50,2.28 ,USD,
Japan,Zone A,no-free-ship,,<100,3.24 ,USD,
Japan,Zone A,no-free-ship,,<50,2.87 ,USD,
Italy,Zone A,no-free-ship,,<100,4.85 ,USD,
Italy,Zone A,no-free-ship,,<50,4.34 ,USD,
Ireland,Zone A,no-free-ship,,<100,5.00 ,USD,
Ireland,Zone A,no-free-ship,,<50,4.49 ,USD,
Hungary,Zone A,no-free-ship,,<100,3.82 ,USD,
Hungary,Zone A,no-free-ship,,<50,3.24 ,USD,
Greece,Zone A,no-free-ship,,<100,3.82 ,USD,
Greece,Zone A,no-free-ship,,<50,3.16 ,USD,
Germany,Zone A,no-free-ship,,<100,4.26 ,USD,
Germany,Zone A,no-free-ship,,<50,3.75 ,USD,
France,Zone A,no-free-ship,,<100,3.97 ,USD,
France,Zone A,no-free-ship,,<50,3.38 ,USD,
Finland,Zone A,no-free-ship,,<100,4.41 ,USD,
Finland,Zone A,no-free-ship,,<50,2.65 ,USD,
Estonia,Zone A,no-free-ship,,<100,2.79 ,USD,
Estonia,Zone A,no-free-ship,,<50,2.28 ,USD,
Denmark,Zone A,no-free-ship,,<100,5.29 ,USD,
Denmark,Zone A,no-free-ship,,<50,4.71 ,USD,
Czech Republic,Zone A,no-free-ship,,<100,3.82 ,USD,
Czech Republic,Zone A,no-free-ship,,<50,3.09 ,USD,
Cyprus,Zone A,no-free-ship,,<100,4.85 ,USD,
Cyprus,Zone A,no-free-ship,,<50,3.90 ,USD,
Croatia,Zone A,no-free-ship,,<100,3.82 ,USD,
Croatia,Zone A,no-free-ship,,<50,3.24 ,USD,
Canada,Zone A,no-free-ship,,<100,4.12 ,USD,
Canada,Zone A,no-free-ship,,<50,3.53 ,USD,
Belgium,Zone A,no-free-ship,,<100,5.29 ,USD,
Belgium,Zone A,no-free-ship,,<50,4.85 ,USD,
Austria,Zone A,no-free-ship,,<100,5.15 ,USD,
Austria,Zone A,no-free-ship,,<50,4.63 ,USD,
Australia,Zone A,no-free-ship,,<100,4.85 ,USD,
Australia,Zone A,no-free-ship,,<50,4.26 ,USD,
Australia,Zone A,small-light,,<39,12.90 ,USD,
Belgium,Zone A,small-light,,<39,12.90 ,USD,
Canada,Zone A,small-light,,<39,12.90 ,USD,
France,Zone A,small-light,,<39,12.90 ,USD,
Germany,Zone A,small-light,,<39,12.90 ,USD,
Italy,Zone A,small-light,,<39,12.90 ,USD,
Japan,Zone A,small-light,,<39,12.90 ,USD,
Mexico,Zone A,small-light,,<39,12.90 ,USD,
Netherlands,Zone A,small-light,,<39,12.90 ,USD,
Portugal,Zone A,small-light,,<39,12.90 ,USD,
Republic of Korea,Zone A,small-light,,<39,12.90 ,USD,
Singapore,Zone A,small-light,,<39,12.90 ,USD,
Spain,Zone A,small-light,,<39,12.90 ,USD,
United Kingdom,Zone A,small-light,,<39,12.90 ,USD,
United States,Zone A,small-light,,<39,12.90 ,USD,
Austria,Zone A,small-light,,<39,12.90 ,USD,
Croatia,Zone A,small-light,,<39,12.90 ,USD,
Cyprus,Zone A,small-light,,<39,12.90 ,USD,
Czech Republic,Zone A,small-light,,<39,12.90 ,USD,
Denmark,Zone A,small-light,,<39,12.90 ,USD,
Estonia,Zone A,small-light,,<39,12.90 ,USD,
Finland,Zone A,small-light,,<39,12.90 ,USD,
Greece,Zone A,small-light,,<39,12.90 ,USD,
Hungary,Zone A,small-light,,<39,12.90 ,USD,
Ireland,Zone A,small-light,,<39,12.90 ,USD,
Latvia,Zone A,small-light,,<39,12.90 ,USD,
Lithuania,Zone A,small-light,,<39,12.90 ,USD,
Luxembourg,Zone A,small-light,,<39,12.90 ,USD,
Malta,Zone A,small-light,,<39,12.90 ,USD,
Monaco,Zone A,small-light,,<39,12.90 ,USD,
Romania,Zone A,small-light,,<39,12.90 ,USD,
Slovakia,Zone A,small-light,,<39,12.90 ,USD,
Slovenia,Zone A,small-light,,<39,12.90 ,USD,
Sweden,Zone A,small-light,,<39,12.90 ,USD,
Australia,Zone A,small-light,,<99,6.90 ,USD,
Belgium,Zone A,small-light,,<99,6.90 ,USD,
Canada,Zone A,small-light,,<99,6.90 ,USD,
France,Zone A,small-light,,<99,6.90 ,USD,
Germany,Zone A,small-light,,<99,6.90 ,USD,
Italy,Zone A,small-light,,<99,6.90 ,USD,
Japan,Zone A,small-light,,<99,6.90 ,USD,
Mexico,Zone A,small-light,,<99,6.90 ,USD,
Netherlands,Zone A,small-light,,<99,6.90 ,USD,
Portugal,Zone A,small-light,,<99,6.90 ,USD,
Republic of Korea,Zone A,small-light,,<99,6.90 ,USD,
Singapore,Zone A,small-light,,<99,6.90 ,USD,
Spain,Zone A,small-light,,<99,6.90 ,USD,
United Kingdom,Zone A,small-light,,<99,6.90 ,USD,
United States,Zone A,small-light,,<99,6.90 ,USD,
Austria,Zone A,small-light,,<99,6.90 ,USD,
Croatia,Zone A,small-light,,<99,6.90 ,USD,
Cyprus,Zone A,small-light,,<99,6.90 ,USD,
Czech Republic,Zone A,small-light,,<99,6.90 ,USD,
Denmark,Zone A,small-light,,<99,6.90 ,USD,
Estonia,Zone A,small-light,,<99,6.90 ,USD,
Finland,Zone A,small-light,,<99,6.90 ,USD,
Greece,Zone A,small-light,,<99,6.90 ,USD,
Hungary,Zone A,small-light,,<99,6.90 ,USD,
Ireland,Zone A,small-light,,<99,6.90 ,USD,
Latvia,Zone A,small-light,,<99,6.90 ,USD,
Lithuania,Zone A,small-light,,<99,6.90 ,USD,
Luxembourg,Zone A,small-light,,<99,6.90 ,USD,
Malta,Zone A,small-light,,<99,6.90 ,USD,
Monaco,Zone A,small-light,,<99,6.90 ,USD,
Romania,Zone A,small-light,,<99,6.90 ,USD,
Slovakia,Zone A,small-light,,<99,6.90 ,USD,
Slovenia,Zone A,small-light,,<99,6.90 ,USD,
Sweden,Zone A,small-light,,<99,6.90 ,USD,
Australia,Zone A,small-light,,>99,0.00 ,USD,
Belgium,Zone A,small-light,,>99,0.00 ,USD,
Canada,Zone A,small-light,,>99,0.00 ,USD,
France,Zone A,small-light,,>99,0.00 ,USD,
Germany,Zone A,small-light,,>99,0.00 ,USD,
Italy,Zone A,small-light,,>99,0.00 ,USD,
Japan,Zone A,small-light,,>99,0.00 ,USD,
Mexico,Zone A,small-light,,>99,0.00 ,USD,
Netherlands,Zone A,small-light,,>99,0.00 ,USD,
Portugal,Zone A,small-light,,>99,0.00 ,USD,
Republic of Korea,Zone A,small-light,,>99,0.00 ,USD,
Singapore,Zone A,small-light,,>99,0.00 ,USD,
Spain,Zone A,small-light,,>99,0.00 ,USD,
United Kingdom,Zone A,small-light,,>99,0.00 ,USD,
United States,Zone A,small-light,,>99,0.00 ,USD,
Austria,Zone A,small-light,,>99,0.00 ,USD,
Croatia,Zone A,small-light,,>99,0.00 ,USD,
Cyprus,Zone A,small-light,,>99,0.00 ,USD,
Czech Republic,Zone A,small-light,,>99,0.00 ,USD,
Denmark,Zone A,small-light,,>99,0.00 ,USD,
Estonia,Zone A,small-light,,>99,0.00 ,USD,
Finland,Zone A,small-light,,>99,0.00 ,USD,
Greece,Zone A,small-light,,>99,0.00 ,USD,
Hungary,Zone A,small-light,,>99,0.00 ,USD,
Ireland,Zone A,small-light,,>99,0.00 ,USD,
Latvia,Zone A,small-light,,>99,0.00 ,USD,
Lithuania,Zone A,small-light,,>99,0.00 ,USD,
Luxembourg,Zone A,small-light,,>99,0.00 ,USD,
Malta,Zone A,small-light,,>99,0.00 ,USD,
Monaco,Zone A,small-light,,>99,0.00 ,USD,
Romania,Zone A,small-light,,>99,0.00 ,USD,
Slovakia,Zone A,small-light,,>99,0.00 ,USD,
Slovenia,Zone A,small-light,,>99,0.00 ,USD,
Sweden,Zone A,small-light,,>99,0.00 ,USD,
Taiwan,Zone Asia,no-free-ship,,<50,3.16 ,USD,
Taiwan,Zone Asia,no-free-ship,,<100,3.38 ,USD,
Macao(China),Zone Asia,no-free-ship,,<50,3.46 ,USD,
Macao(China),Zone Asia,no-free-ship,,<100,3.97 ,USD,
Hong Kong,Zone Asia,no-free-ship,,<50,2.06 ,USD,
Hong Kong,Zone Asia,no-free-ship,,<100,2.21 ,USD,
Hong Kong,Zone Asia,small-light,,<39,6.00 ,USD,
Taiwan,Zone Asia,small-light,,<39,6.00 ,USD,
Macao(China),Zone Asia,small-light,,<39,6.00 ,USD,
Hong Kong,Zone Asia,small-light,,<79,3.00 ,USD,
Taiwan,Zone Asia,small-light,,<79,3.00 ,USD,
Macao(China),Zone Asia,small-light,,<79,3.00 ,USD,
Hong Kong,Zone Asia,small-light,,>79,0.00 ,USD,
Taiwan,Zone Asia,small-light,,>79,0.00 ,USD,
Macao(China),Zone Asia,small-light,,>79,0.00 ,USD,
Switzerland,Zone A-,no-free-ship,,<100,5.29 ,USD,
Puerto Rico,Zone A-,no-free-ship,,<100,7.65 ,USD,
Norway,Zone A-,no-free-ship,,<100,5.15 ,USD,
New Zealand,Zone A-,no-free-ship,,<100,6.03 ,USD,
Switzerland,Zone A-,no-free-ship,,<50,4.56 ,USD,
Puerto Rico,Zone A-,no-free-ship,,<50,6.76 ,USD,
Norway,Zone A-,no-free-ship,,<50,4.63 ,USD,
New Zealand,Zone A-,no-free-ship,,<50,5.59 ,USD,
New Zealand,Zone A-,small-light,,<69,15.00 ,USD,
Norway,Zone A-,small-light,,<69,15.00 ,USD,
Switzerland,Zone A-,small-light,,<69,15.00 ,USD,
Puerto Rico,Zone A-,small-light,,<69,15.00 ,USD,
New Zealand,Zone A-,small-light,,<129,8.00 ,USD,
Norway,Zone A-,small-light,,<129,8.00 ,USD,
Switzerland,Zone A-,small-light,,<129,8.00 ,USD,
Puerto Rico,Zone A-,small-light,,<129,8.00 ,USD,
New Zealand,Zone A-,small-light,,>129,0.00 ,USD,
Norway,Zone A-,small-light,,>129,0.00 ,USD,
Switzerland,Zone A-,small-light,,>129,0.00 ,USD,
Puerto Rico,Zone A-,small-light,,>129,0.00 ,USD,
Vietnam,Zone B1,no-free-ship,,<50,1.25 ,USD,
Uruguay,Zone B1,no-free-ship,,<50,2.79 ,USD,
UAE,Zone B1,no-free-ship,,<50,3.09 ,USD,
Turkey,Zone B1,no-free-ship,,<50,2.57 ,USD,
Thailand,Zone B1,no-free-ship,,<50,1.03 ,USD,
Serbia,Zone B1,no-free-ship,,<50,4.12 ,USD,
Saudi Arabia,Zone B1,no-free-ship,,<50,2.50 ,USD,
Qatar,Zone B1,no-free-ship,,<50,2.06 ,USD,
Poland,Zone B1,no-free-ship,,<50,2.43 ,USD,
Panama,Zone B1,no-free-ship,,<50,2.43 ,USD,
Oman,Zone B1,no-free-ship,,<50,2.35 ,USD,
Montenegro,Zone B1,no-free-ship,,<50,3.16 ,USD,
Mauritius,Zone B1,no-free-ship,,<50,4.04 ,USD,
Malaysia,Zone B1,no-free-ship,,<50,1.69 ,USD,
Kuwait,Zone B1,no-free-ship,,<50,2.13 ,USD,
Jordan,Zone B1,no-free-ship,,<50,2.13 ,USD,
Israel,Zone B1,no-free-ship,,<50,3.24 ,USD,
Georgia,Zone B1,no-free-ship,,<50,2.28 ,USD,
Costa Rica,Zone B1,no-free-ship,,<50,4.49 ,USD,
Bulgaria,Zone B1,no-free-ship,,<50,2.28 ,USD,
Bahrain,Zone B1,no-free-ship,,<50,2.06 ,USD,
Vietnam,Zone B1,no-free-ship,,<100,1.32 ,USD,
Uruguay,Zone B1,no-free-ship,,<100,3.97 ,USD,
UAE,Zone B1,no-free-ship,,<100,3.53 ,USD,
Turkey,Zone B1,no-free-ship,,<100,3.24 ,USD,
Thailand,Zone B1,no-free-ship,,<100,1.18 ,USD,
Serbia,Zone B1,no-free-ship,,<100,4.71 ,USD,
Saudi Arabia,Zone B1,no-free-ship,,<100,3.09 ,USD,
Qatar,Zone B1,no-free-ship,,<100,2.79 ,USD,
Poland,Zone B1,no-free-ship,,<100,2.94 ,USD,
Panama,Zone B1,no-free-ship,,<100,3.82 ,USD,
Oman,Zone B1,no-free-ship,,<100,2.94 ,USD,
Montenegro,Zone B1,no-free-ship,,<100,3.97 ,USD,
Mauritius,Zone B1,no-free-ship,,<100,4.71 ,USD,
Malaysia,Zone B1,no-free-ship,,<100,1.91 ,USD,
Kuwait,Zone B1,no-free-ship,,<100,3.24 ,USD,
Jordan,Zone B1,no-free-ship,,<100,3.24 ,USD,
Israel,Zone B1,no-free-ship,,<100,3.97 ,USD,
Georgia,Zone B1,no-free-ship,,<100,2.94 ,USD,
Costa Rica,Zone B1,no-free-ship,,<100,5.44 ,USD,
Bulgaria,Zone B1,no-free-ship,,<100,2.94 ,USD,
Bahrain,Zone B1,no-free-ship,,<100,3.09 ,USD,
Israel,Zone B1,small-light,,<69,19.00 ,USD,
Malaysia,Zone B1,small-light,,<69,19.00 ,USD,
Poland,Zone B1,small-light,,<69,19.00 ,USD,
Saudi Arabia,Zone B1,small-light,,<69,19.00 ,USD,
Thailand,Zone B1,small-light,,<69,19.00 ,USD,
Turkey,Zone B1,small-light,,<69,19.00 ,USD,
UAE,Zone B1,small-light,,<69,19.00 ,USD,
Vietnam,Zone B1,small-light,,<69,19.00 ,USD,
Bahrain,Zone B1,small-light,,<69,19.00 ,USD,
Bulgaria,Zone B1,small-light,,<69,19.00 ,USD,
Costa Rica,Zone B1,small-light,,<69,19.00 ,USD,
Georgia,Zone B1,small-light,,<69,19.00 ,USD,
Jordan,Zone B1,small-light,,<69,19.00 ,USD,
Mauritius,Zone B1,small-light,,<69,19.00 ,USD,
Montenegro,Zone B1,small-light,,<69,19.00 ,USD,
Oman,Zone B1,small-light,,<69,19.00 ,USD,
Panama,Zone B1,small-light,,<69,19.00 ,USD,
Qatar,Zone B1,small-light,,<69,19.00 ,USD,
Serbia,Zone B1,small-light,,<69,19.00 ,USD,
Uruguay,Zone B1,small-light,,<69,19.00 ,USD,
Kuwait,Zone B1,small-light,,<69,19.00 ,USD,
Israel,Zone B1,small-light,,<159,9.00 ,USD,
Malaysia,Zone B1,small-light,,<159,9.00 ,USD,
Poland,Zone B1,small-light,,<159,9.00 ,USD,
Saudi Arabia,Zone B1,small-light,,<159,9.00 ,USD,
Thailand,Zone B1,small-light,,<159,9.00 ,USD,
Turkey,Zone B1,small-light,,<159,9.00 ,USD,
UAE,Zone B1,small-light,,<159,9.00 ,USD,
Vietnam,Zone B1,small-light,,<159,9.00 ,USD,
Bahrain,Zone B1,small-light,,<159,9.00 ,USD,
Bulgaria,Zone B1,small-light,,<159,9.00 ,USD,
Costa Rica,Zone B1,small-light,,<159,9.00 ,USD,
Georgia,Zone B1,small-light,,<159,9.00 ,USD,
Jordan,Zone B1,small-light,,<159,9.00 ,USD,
Mauritius,Zone B1,small-light,,<159,9.00 ,USD,
Montenegro,Zone B1,small-light,,<159,9.00 ,USD,
Oman,Zone B1,small-light,,<159,9.00 ,USD,
Panama,Zone B1,small-light,,<159,9.00 ,USD,
Qatar,Zone B1,small-light,,<159,9.00 ,USD,
Serbia,Zone B1,small-light,,<159,9.00 ,USD,
Uruguay,Zone B1,small-light,,<159,9.00 ,USD,
Kuwait,Zone B1,small-light,,<159,9.00 ,USD,
Israel,Zone B1,small-light,,>159,0.00 ,USD,
Malaysia,Zone B1,small-light,,>159,0.00 ,USD,
Poland,Zone B1,small-light,,>159,0.00 ,USD,
Saudi Arabia,Zone B1,small-light,,>159,0.00 ,USD,
Thailand,Zone B1,small-light,,>159,0.00 ,USD,
Turkey,Zone B1,small-light,,>159,0.00 ,USD,
UAE,Zone B1,small-light,,>159,0.00 ,USD,
Vietnam,Zone B1,small-light,,>159,0.00 ,USD,
Bahrain,Zone B1,small-light,,>159,0.00 ,USD,
Bulgaria,Zone B1,small-light,,>159,0.00 ,USD,
Costa Rica,Zone B1,small-light,,>159,0.00 ,USD,
Georgia,Zone B1,small-light,,>159,0.00 ,USD,
Jordan,Zone B1,small-light,,>159,0.00 ,USD,
Mauritius,Zone B1,small-light,,>159,0.00 ,USD,
Montenegro,Zone B1,small-light,,>159,0.00 ,USD,
Oman,Zone B1,small-light,,>159,0.00 ,USD,
Panama,Zone B1,small-light,,>159,0.00 ,USD,
Qatar,Zone B1,small-light,,>159,0.00 ,USD,
Serbia,Zone B1,small-light,,>159,0.00 ,USD,
Uruguay,Zone B1,small-light,,>159,0.00 ,USD,
Kuwait,Zone B1,small-light,,>159,0.00 ,USD,
Uzbekistan,Zone B2,no-free-ship,,<50,2.79 ,USD,
Tunisia,Zone B2,no-free-ship,,<50,2.13 ,USD,
Tajikistan,Zone B2,no-free-ship,,<50,1.10 ,USD,
Suriname,Zone B2,no-free-ship,,<50,2.79 ,USD,
Sri Lanka,Zone B2,no-free-ship,,<50,3.53 ,USD,
Philippines,Zone B2,no-free-ship,,<50,1.62 ,USD,
Paraguay,Zone B2,no-free-ship,,<50,2.65 ,USD,
Nicaragua,Zone B2,no-free-ship,,<50,2.50 ,USD,
Nepal,Zone B2,no-free-ship,,<50,2.13 ,USD,
Myanmar,Zone B2,no-free-ship,,<50,1.84 ,USD,
Morocco,Zone B2,no-free-ship,,<50,2.43 ,USD,
Mongolia,Zone B2,no-free-ship,,<50,3.01 ,USD,
Moldova,Zone B2,no-free-ship,,<50,1.99 ,USD,
Maldives,Zone B2,no-free-ship,,<50,1.32 ,USD,
Macedonia,Zone B2,no-free-ship,,<50,2.21 ,USD,
Lebanon,Zone B2,no-free-ship,,<50,1.99 ,USD,
Laos,Zone B2,no-free-ship,,<50,2.65 ,USD,
Kyrgyzstan,Zone B2,no-free-ship,,<50,1.10 ,USD,
Kazakhstan,Zone B2,no-free-ship,,<50,1.18 ,USD,
Indonesia,Zone B2,no-free-ship,,<50,1.84 ,USD,
India,Zone B2,no-free-ship,,<50,2.43 ,USD,
Honduras,Zone B2,no-free-ship,,<50,2.72 ,USD,
Guatemala,Zone B2,no-free-ship,,<50,2.94 ,USD,
El Salvador,Zone B2,no-free-ship,,<50,2.50 ,USD,
Egypt,Zone B2,no-free-ship,,<50,2.35 ,USD,
Ecuador,Zone B2,no-free-ship,,<50,2.72 ,USD,
Dominican Republic,Zone B2,no-free-ship,,<50,2.43 ,USD,
Colombia,Zone B2,no-free-ship,,<50,2.87 ,USD,
Cambodia,Zone B2,no-free-ship,,<50,1.62 ,USD,
Brunei Darussalam,Zone B2,no-free-ship,,<50,2.57 ,USD,
Bosnia And Herzegovina,Zone B2,no-free-ship,,<50,3.82 ,USD,
Bolivia,Zone B2,no-free-ship,,<50,2.79 ,USD,
Belize,Zone B2,no-free-ship,,<50,2.72 ,USD,
Bangladesh,Zone B2,no-free-ship,,<50,2.06 ,USD,
Azerbaijan,Zone B2,no-free-ship,,<50,2.13 ,USD,
Armenia,Zone B2,no-free-ship,,<50,2.21 ,USD,
Albania,Zone B2,no-free-ship,,<50,2.06 ,USD,
Uzbekistan,Zone B2,no-free-ship,,<100,3.97 ,USD,
Tunisia,Zone B2,no-free-ship,,<100,3.24 ,USD,
Tajikistan,Zone B2,no-free-ship,,<100,1.32 ,USD,
Suriname,Zone B2,no-free-ship,,<100,4.41 ,USD,
Sri Lanka,Zone B2,no-free-ship,,<100,4.12 ,USD,
Philippines,Zone B2,no-free-ship,,<100,2.06 ,USD,
Paraguay,Zone B2,no-free-ship,,<100,4.26 ,USD,
Nicaragua,Zone B2,no-free-ship,,<100,3.97 ,USD,
Nepal,Zone B2,no-free-ship,,<100,3.24 ,USD,
Myanmar,Zone B2,no-free-ship,,<100,2.35 ,USD,
Morocco,Zone B2,no-free-ship,,<100,3.24 ,USD,
Mongolia,Zone B2,no-free-ship,,<100,3.09 ,USD,
Moldova,Zone B2,no-free-ship,,<100,3.09 ,USD,
Maldives,Zone B2,no-free-ship,,<100,1.76 ,USD,
Macedonia,Zone B2,no-free-ship,,<100,3.53 ,USD,
Lebanon,Zone B2,no-free-ship,,<100,3.09 ,USD,
Laos,Zone B2,no-free-ship,,<100,3.38 ,USD,
Kyrgyzstan,Zone B2,no-free-ship,,<100,1.32 ,USD,
Kazakhstan,Zone B2,no-free-ship,,<100,1.47 ,USD,
Indonesia,Zone B2,no-free-ship,,<100,2.35 ,USD,
India,Zone B2,no-free-ship,,<100,3.09 ,USD,
Honduras,Zone B2,no-free-ship,,<100,4.26 ,USD,
Guatemala,Zone B2,no-free-ship,,<100,4.85 ,USD,
El Salvador,Zone B2,no-free-ship,,<100,3.97 ,USD,
Egypt,Zone B2,no-free-ship,,<100,2.94 ,USD,
Ecuador,Zone B2,no-free-ship,,<100,4.41 ,USD,
Dominican Republic,Zone B2,no-free-ship,,<100,3.82 ,USD,
Colombia,Zone B2,no-free-ship,,<100,3.82 ,USD,
Cambodia,Zone B2,no-free-ship,,<100,1.76 ,USD,
Brunei Darussalam,Zone B2,no-free-ship,,<100,2.94 ,USD,
Bosnia And Herzegovina,Zone B2,no-free-ship,,<100,4.71 ,USD,
Bolivia,Zone B2,no-free-ship,,<100,4.41 ,USD,
Belize,Zone B2,no-free-ship,,<100,4.26 ,USD,
Bangladesh,Zone B2,no-free-ship,,<100,3.09 ,USD,
Azerbaijan,Zone B2,no-free-ship,,<100,3.24 ,USD,
Armenia,Zone B2,no-free-ship,,<100,3.53 ,USD,
Albania,Zone B2,no-free-ship,,<100,3.24 ,USD,
Indonesia,Zone B2,small-light,,<99,25.00 ,USD,
Albania,Zone B2,small-light,,<99,25.00 ,USD,
Armenia,Zone B2,small-light,,<99,25.00 ,USD,
Azerbaijan,Zone B2,small-light,,<99,25.00 ,USD,
Bangladesh,Zone B2,small-light,,<99,25.00 ,USD,
Belize,Zone B2,small-light,,<99,25.00 ,USD,
Bolivia,Zone B2,small-light,,<99,25.00 ,USD,
Bosnia And Herzegovina,Zone B2,small-light,,<99,25.00 ,USD,
Brunei Darussalam,Zone B2,small-light,,<99,25.00 ,USD,
Cambodia,Zone B2,small-light,,<99,25.00 ,USD,
Colombia,Zone B2,small-light,,<99,25.00 ,USD,
Dominican Republic,Zone B2,small-light,,<99,25.00 ,USD,
Ecuador,Zone B2,small-light,,<99,25.00 ,USD,
Egypt,Zone B2,small-light,,<99,25.00 ,USD,
El Salvador,Zone B2,small-light,,<99,25.00 ,USD,
Guatemala,Zone B2,small-light,,<99,25.00 ,USD,
Honduras,Zone B2,small-light,,<99,25.00 ,USD,
India,Zone B2,small-light,,<99,25.00 ,USD,
Kazakhstan,Zone B2,small-light,,<99,25.00 ,USD,
Kyrgyzstan,Zone B2,small-light,,<99,25.00 ,USD,
Laos,Zone B2,small-light,,<99,25.00 ,USD,
Lebanon,Zone B2,small-light,,<99,25.00 ,USD,
Macedonia,Zone B2,small-light,,<99,25.00 ,USD,
Maldives,Zone B2,small-light,,<99,25.00 ,USD,
Moldova,Zone B2,small-light,,<99,25.00 ,USD,
Mongolia,Zone B2,small-light,,<99,25.00 ,USD,
Morocco,Zone B2,small-light,,<99,25.00 ,USD,
Myanmar,Zone B2,small-light,,<99,25.00 ,USD,
Nepal,Zone B2,small-light,,<99,25.00 ,USD,
Nicaragua,Zone B2,small-light,,<99,25.00 ,USD,
Paraguay,Zone B2,small-light,,<99,25.00 ,USD,
Philippines,Zone B2,small-light,,<99,25.00 ,USD,
Sri Lanka,Zone B2,small-light,,<99,25.00 ,USD,
Suriname,Zone B2,small-light,,<99,25.00 ,USD,
Tajikistan,Zone B2,small-light,,<99,25.00 ,USD,
Tunisia,Zone B2,small-light,,<99,25.00 ,USD,
Uzbekistan,Zone B2,small-light,,<99,25.00 ,USD,
Indonesia,Zone B2,small-light,,<199,15.00 ,USD,
Albania,Zone B2,small-light,,<199,15.00 ,USD,
Armenia,Zone B2,small-light,,<199,15.00 ,USD,
Azerbaijan,Zone B2,small-light,,<199,15.00 ,USD,
Bangladesh,Zone B2,small-light,,<199,15.00 ,USD,
Belize,Zone B2,small-light,,<199,15.00 ,USD,
Bolivia,Zone B2,small-light,,<199,15.00 ,USD,
Bosnia And Herzegovina,Zone B2,small-light,,<199,15.00 ,USD,
Brunei Darussalam,Zone B2,small-light,,<199,15.00 ,USD,
Cambodia,Zone B2,small-light,,<199,15.00 ,USD,
Colombia,Zone B2,small-light,,<199,15.00 ,USD,
Dominican Republic,Zone B2,small-light,,<199,15.00 ,USD,
Ecuador,Zone B2,small-light,,<199,15.00 ,USD,
Egypt,Zone B2,small-light,,<199,15.00 ,USD,
El Salvador,Zone B2,small-light,,<199,15.00 ,USD,
Guatemala,Zone B2,small-light,,<199,15.00 ,USD,
Honduras,Zone B2,small-light,,<199,15.00 ,USD,
India,Zone B2,small-light,,<199,15.00 ,USD,
Kazakhstan,Zone B2,small-light,,<199,15.00 ,USD,
Kyrgyzstan,Zone B2,small-light,,<199,15.00 ,USD,
Laos,Zone B2,small-light,,<199,15.00 ,USD,
Lebanon,Zone B2,small-light,,<199,15.00 ,USD,
Macedonia,Zone B2,small-light,,<199,15.00 ,USD,
Maldives,Zone B2,small-light,,<199,15.00 ,USD,
Moldova,Zone B2,small-light,,<199,15.00 ,USD,
Mongolia,Zone B2,small-light,,<199,15.00 ,USD,
Morocco,Zone B2,small-light,,<199,15.00 ,USD,
Myanmar,Zone B2,small-light,,<199,15.00 ,USD,
Nepal,Zone B2,small-light,,<199,15.00 ,USD,
Nicaragua,Zone B2,small-light,,<199,15.00 ,USD,
Paraguay,Zone B2,small-light,,<199,15.00 ,USD,
Philippines,Zone B2,small-light,,<199,15.00 ,USD,
Sri Lanka,Zone B2,small-light,,<199,15.00 ,USD,
Suriname,Zone B2,small-light,,<199,15.00 ,USD,
Tajikistan,Zone B2,small-light,,<199,15.00 ,USD,
Tunisia,Zone B2,small-light,,<199,15.00 ,USD,
Uzbekistan,Zone B2,small-light,,<199,15.00 ,USD,
Indonesia,Zone B2,small-light,,>199,0.00 ,USD,
Albania,Zone B2,small-light,,>199,0.00 ,USD,
Armenia,Zone B2,small-light,,>199,0.00 ,USD,
Azerbaijan,Zone B2,small-light,,>199,0.00 ,USD,
Bangladesh,Zone B2,small-light,,>199,0.00 ,USD,
Belize,Zone B2,small-light,,>199,0.00 ,USD,
Bolivia,Zone B2,small-light,,>199,0.00 ,USD,
Bosnia And Herzegovina,Zone B2,small-light,,>199,0.00 ,USD,
Brunei Darussalam,Zone B2,small-light,,>199,0.00 ,USD,
Cambodia,Zone B2,small-light,,>199,0.00 ,USD,
Colombia,Zone B2,small-light,,>199,0.00 ,USD,
Dominican Republic,Zone B2,small-light,,>199,0.00 ,USD,
Ecuador,Zone B2,small-light,,>199,0.00 ,USD,
Egypt,Zone B2,small-light,,>199,0.00 ,USD,
El Salvador,Zone B2,small-light,,>199,0.00 ,USD,
Guatemala,Zone B2,small-light,,>199,0.00 ,USD,
Honduras,Zone B2,small-light,,>199,0.00 ,USD,
India,Zone B2,small-light,,>199,0.00 ,USD,
Kazakhstan,Zone B2,small-light,,>199,0.00 ,USD,
Kyrgyzstan,Zone B2,small-light,,>199,0.00 ,USD,
Laos,Zone B2,small-light,,>199,0.00 ,USD,
Lebanon,Zone B2,small-light,,>199,0.00 ,USD,
Macedonia,Zone B2,small-light,,>199,0.00 ,USD,
Maldives,Zone B2,small-light,,>199,0.00 ,USD,
Moldova,Zone B2,small-light,,>199,0.00 ,USD,
Mongolia,Zone B2,small-light,,>199,0.00 ,USD,
Morocco,Zone B2,small-light,,>199,0.00 ,USD,
Myanmar,Zone B2,small-light,,>199,0.00 ,USD,
Nepal,Zone B2,small-light,,>199,0.00 ,USD,
Nicaragua,Zone B2,small-light,,>199,0.00 ,USD,
Paraguay,Zone B2,small-light,,>199,0.00 ,USD,
Philippines,Zone B2,small-light,,>199,0.00 ,USD,
Sri Lanka,Zone B2,small-light,,>199,0.00 ,USD,
Suriname,Zone B2,small-light,,>199,0.00 ,USD,
Tajikistan,Zone B2,small-light,,>199,0.00 ,USD,
Tunisia,Zone B2,small-light,,>199,0.00 ,USD,
Uzbekistan,Zone B2,small-light,,>199,0.00 ,USD,
Zimbabwe,Zone C,no-free-ship,,<500,8.97 ,USD,
Venezuela,Zone C,no-free-ship,,<500,15.00 ,USD,
Ukraine,Zone C,no-free-ship,,<500,8.38 ,USD,
Uganda,Zone C,no-free-ship,,<500,12.06 ,USD,
Tanzania,Zone C,no-free-ship,,<500,12.79 ,USD,
Sudan,Zone C,no-free-ship,,<500,14.26 ,USD,
South Africa,Zone C,no-free-ship,,<500,12.94 ,USD,
Somalia,Zone C,no-free-ship,,<500,17.35 ,USD,
Russia,Zone C,no-free-ship,,<500,5.00 ,USD,
Peru,Zone C,no-free-ship,,<500,17.21 ,USD,
Pakistan,Zone C,no-free-ship,,<500,3.97 ,USD,
Nigeria,Zone C,no-free-ship,,<500,13.53 ,USD,
Mozambique,Zone C,no-free-ship,,<500,14.26 ,USD,
Madagascar,Zone C,no-free-ship,,<500,15.74 ,USD,
Libya,Zone C,no-free-ship,,<500,14.56 ,USD,
Kenya,Zone C,no-free-ship,,<500,12.06 ,USD,
Iraq,Zone C,no-free-ship,,<500,12.06 ,USD,
Iran,Zone C,no-free-ship,,<500,12.06 ,USD,
Ghana,Zone C,no-free-ship,,<500,15.00 ,USD,
Ethiopia,Zone C,no-free-ship,,<500,12.06 ,USD,
Cuba,Zone C,no-free-ship,,<500,15.00 ,USD,
Congo (REP. OF),Zone C,no-free-ship,,<500,13.53 ,USD,
Congo (DEM. REP. OF),Zone C,no-free-ship,,<500,17.35 ,USD,
Chile,Zone C,no-free-ship,,<500,7.65 ,USD,
Cameroon,Zone C,no-free-ship,,<500,13.82 ,USD,
Brazil,Zone C,no-free-ship,,<500,10.59 ,USD,
Belarus,Zone C,no-free-ship,,<500,16.62 ,USD,
Argentina,Zone C,no-free-ship,,<500,17.21 ,USD,
Angola,Zone C,no-free-ship,,<500,14.26 ,USD,
Afghanistan,Zone C,no-free-ship,,<500,14.41 ,USD,
Zimbabwe,Zone C,no-free-ship,,<50,2.35 ,USD,
Venezuela,Zone C,no-free-ship,,<50,2.43 ,USD,
Ukraine,Zone C,no-free-ship,,<50,1.76 ,USD,
Uganda,Zone C,no-free-ship,,<50,2.13 ,USD,
Tanzania,Zone C,no-free-ship,,<50,2.21 ,USD,
Sudan,Zone C,no-free-ship,,<50,3.01 ,USD,
South Africa,Zone C,no-free-ship,,<50,4.34 ,USD,
Somalia,Zone C,no-free-ship,,<50,2.79 ,USD,
Russia,Zone C,no-free-ship,,<50,2.35 ,USD,
Peru,Zone C,no-free-ship,,<50,2.65 ,USD,
Pakistan,Zone C,no-free-ship,,<50,1.32 ,USD,
Nigeria,Zone C,no-free-ship,,<50,2.28 ,USD,
Mozambique,Zone C,no-free-ship,,<50,2.35 ,USD,
Madagascar,Zone C,no-free-ship,,<50,2.50 ,USD,
Libya,Zone C,no-free-ship,,<50,3.31 ,USD,
Kenya,Zone C,no-free-ship,,<50,2.13 ,USD,
Iraq,Zone C,no-free-ship,,<50,2.13 ,USD,
Iran,Zone C,no-free-ship,,<50,2.13 ,USD,
Ghana,Zone C,no-free-ship,,<50,2.43 ,USD,
Ethiopia,Zone C,no-free-ship,,<50,2.13 ,USD,
Cuba,Zone C,no-free-ship,,<50,2.43 ,USD,
Congo (REP. OF),Zone C,no-free-ship,,<50,2.28 ,USD,
Congo (DEM. REP. OF),Zone C,no-free-ship,,<50,2.79 ,USD,
Chile,Zone C,no-free-ship,,<50,2.35 ,USD,
Cameroon,Zone C,no-free-ship,,<50,3.24 ,USD,
Brazil,Zone C,no-free-ship,,<50,5.29 ,USD,
Belarus,Zone C,no-free-ship,,<50,3.38 ,USD,
Argentina,Zone C,no-free-ship,,<50,2.65 ,USD,
Angola,Zone C,no-free-ship,,<50,2.35 ,USD,
Afghanistan,Zone C,no-free-ship,,<50,2.50 ,USD,
Zimbabwe,Zone C,no-free-ship,,<100,3.09 ,USD,
Venezuela,Zone C,no-free-ship,,<100,3.82 ,USD,
Ukraine,Zone C,no-free-ship,,<100,2.50 ,USD,
Uganda,Zone C,no-free-ship,,<100,3.24 ,USD,
Tanzania,Zone C,no-free-ship,,<100,3.38 ,USD,
Sudan,Zone C,no-free-ship,,<100,4.26 ,USD,
South Africa,Zone C,no-free-ship,,<100,5.29 ,USD,
Somalia,Zone C,no-free-ship,,<100,4.41 ,USD,
Russia,Zone C,no-free-ship,,<100,2.65 ,USD,
Peru,Zone C,no-free-ship,,<100,4.26 ,USD,
Pakistan,Zone C,no-free-ship,,<100,1.62 ,USD,
Nigeria,Zone C,no-free-ship,,<100,3.53 ,USD,
Mozambique,Zone C,no-free-ship,,<100,3.68 ,USD,
Madagascar,Zone C,no-free-ship,,<100,3.97 ,USD,
Libya,Zone C,no-free-ship,,<100,4.56 ,USD,
Kenya,Zone C,no-free-ship,,<100,3.24 ,USD,
Iraq,Zone C,no-free-ship,,<100,3.24 ,USD,
Iran,Zone C,no-free-ship,,<100,3.24 ,USD,
Ghana,Zone C,no-free-ship,,<100,3.82 ,USD,
Ethiopia,Zone C,no-free-ship,,<100,3.24 ,USD,
Cuba,Zone C,no-free-ship,,<100,3.82 ,USD,
Congo (REP. OF),Zone C,no-free-ship,,<100,3.53 ,USD,
Congo (DEM. REP. OF),Zone C,no-free-ship,,<100,4.41 ,USD,
Chile,Zone C,no-free-ship,,<100,2.94 ,USD,
Cameroon,Zone C,no-free-ship,,<100,4.41 ,USD,
Brazil,Zone C,no-free-ship,,<100,5.88 ,USD,
Belarus,Zone C,no-free-ship,,<100,4.85 ,USD,
Argentina,Zone C,no-free-ship,,<100,4.26 ,USD,
Angola,Zone C,no-free-ship,,<100,3.68 ,USD,
Afghanistan,Zone C,no-free-ship,,<100,3.82 ,USD,
Zimbabwe,Zone C,no-free-ship,,<300,6.03 ,USD,
Venezuela,Zone C,no-free-ship,,<300,9.41 ,USD,
Ukraine,Zone C,no-free-ship,,<300,5.44 ,USD,
Uganda,Zone C,no-free-ship,,<300,7.65 ,USD,
Tanzania,Zone C,no-free-ship,,<300,8.09 ,USD,
Sudan,Zone C,no-free-ship,,<300,9.26 ,USD,
South Africa,Zone C,no-free-ship,,<300,9.12 ,USD,
Somalia,Zone C,no-free-ship,,<300,10.88 ,USD,
Russia,Zone C,no-free-ship,,<300,3.82 ,USD,
Peru,Zone C,no-free-ship,,<300,10.74 ,USD,
Pakistan,Zone C,no-free-ship,,<300,2.79 ,USD,
Nigeria,Zone C,no-free-ship,,<300,8.53 ,USD,
Mozambique,Zone C,no-free-ship,,<300,8.97 ,USD,
Madagascar,Zone C,no-free-ship,,<300,9.85 ,USD,
Libya,Zone C,no-free-ship,,<300,9.56 ,USD,
Kenya,Zone C,no-free-ship,,<300,7.65 ,USD,
Iraq,Zone C,no-free-ship,,<300,7.65 ,USD,
Iran,Zone C,no-free-ship,,<300,7.65 ,USD,
Ghana,Zone C,no-free-ship,,<300,9.41 ,USD,
Ethiopia,Zone C,no-free-ship,,<300,7.65 ,USD,
Cuba,Zone C,no-free-ship,,<300,9.41 ,USD,
Congo (REP. OF),Zone C,no-free-ship,,<300,8.53 ,USD,
Congo (DEM. REP. OF),Zone C,no-free-ship,,<300,10.88 ,USD,
Chile,Zone C,no-free-ship,,<300,5.29 ,USD,
Cameroon,Zone C,no-free-ship,,<300,9.12 ,USD,
Brazil,Zone C,no-free-ship,,<300,8.24 ,USD,
Belarus,Zone C,no-free-ship,,<300,10.74 ,USD,
Argentina,Zone C,no-free-ship,,<300,10.74 ,USD,
Angola,Zone C,no-free-ship,,<300,8.97 ,USD,
Afghanistan,Zone C,no-free-ship,,<300,9.12 ,USD,
Zimbabwe,Zone C,no-free-ship,,<2000,31.03 ,USD,
Zimbabwe,Zone C,no-free-ship,˷,>2000,31.03+ceil((-2000)/10)*1.76,USD,
Venezuela,Zone C,no-free-ship,,<2000,56.91 ,USD,
Venezuela,Zone C,no-free-ship,˷,>2000,56.91+ceil((-2000)/10)*1.31,USD,
Ukraine,Zone C,no-free-ship,,<2000,30.44 ,USD,
Ukraine,Zone C,no-free-ship,˷,>2000,30.44+ceil((-2000)/10)*1.18,USD,
Uganda,Zone C,no-free-ship,,<2000,45.15 ,USD,
Uganda,Zone C,no-free-ship,˷,>2000,45.15+ceil((-2000)/10)*1.25,USD,
Tanzania,Zone C,no-free-ship,,<2000,48.09 ,USD,
Tanzania,Zone C,no-free-ship,˷,>2000,48.09+ceil((-2000)/10)*1.26,USD,
Sudan,Zone C,no-free-ship,,<2000,51.76 ,USD,
Sudan,Zone C,no-free-ship,˷,>2000,51.76+ceil((-2000)/10)*2.01,USD,
South Africa,Zone C,no-free-ship,,<2000,41.62 ,USD,
South Africa,Zone C,no-free-ship,˷,>2000,41.62+ceil((-2000)/10)*3.57,USD,
Somalia,Zone C,no-free-ship,,<2000,65.88 ,USD,
Somalia,Zone C,no-free-ship,˷,>2000,65.88+ceil((-2000)/10)*1.5,USD,
Russia,Zone C,no-free-ship,,<2000,13.82 ,USD,
Russia,Zone C,no-free-ship,˷,>2000,13.82+ceil((-2000)/10)*2.12,USD,
Peru,Zone C,no-free-ship,,<2000,65.74 ,USD,
Peru,Zone C,no-free-ship,˷,>2000,65.74+ceil((-2000)/10)*1.35,USD,
Pakistan,Zone C,no-free-ship,,<2000,12.79 ,USD,
Pakistan,Zone C,no-free-ship,˷,>2000,12.79+ceil((-2000)/10)*1.09,USD,
Nigeria,Zone C,no-free-ship,,<2000,51.03 ,USD,
Nigeria,Zone C,no-free-ship,˷,>2000,51.03+ceil((-2000)/10)*1.28,USD,
Mozambique,Zone C,no-free-ship,,<2000,53.97 ,USD,
Mozambique,Zone C,no-free-ship,˷,>2000,53.97+ceil((-2000)/10)*1.29,USD,
Madagascar,Zone C,no-free-ship,,<2000,59.85 ,USD,
Madagascar,Zone C,no-free-ship,˷,>2000,59.85+ceil((-2000)/10)*1.32,USD,
Libya,Zone C,no-free-ship,,<2000,52.06 ,USD,
Libya,Zone C,no-free-ship,˷,>2000,52.09+ceil((-2000)/10)*2.31,USD,
Zambia,Rest of World,no-free-ship,,<100,3.38 ,USD,
Wallis And Futuna Islands,Rest of World,no-free-ship,,<100,6.47 ,USD,
Vanuatu,Rest of World,no-free-ship,,<100,5.29 ,USD,
United States Virgin Islands,Rest of World,no-free-ship,,<100,7.65 ,USD,
Tuvalu,Rest of World,no-free-ship,,<100,5.44 ,USD,
Turks And Caicos Islands,Rest of World,no-free-ship,,<100,4.41 ,USD,
Tristan Da Cunha,Rest of World,no-free-ship,,<100,8.82 ,USD,
Trinidad and Tobago,Rest of World,no-free-ship,,<100,4.41 ,USD,
Tortola (British Virgin Islands),Rest of World,no-free-ship,,<100,3.68 ,USD,
Tonga,Rest of World,no-free-ship,,<100,5.15 ,USD,
Tokelau,Rest of World,no-free-ship,,<100,7.50 ,USD,
Togo,Rest of World,no-free-ship,,<100,4.56 ,USD,
Timor-leste,Rest of World,no-free-ship,,<100,8.82 ,USD,
Swaziland,Rest of World,no-free-ship,,<100,3.82 ,USD,
Solomon Islands,Rest of World,no-free-ship,,<100,3.82 ,USD,
Sint Maarteen,Rest of World,no-free-ship,,<100,4.41 ,USD,
Sierra Leone,Rest of World,no-free-ship,,<100,4.41 ,USD,
Seychelles,Rest of World,no-free-ship,,<100,2.94 ,USD,
Senegal,Rest of World,no-free-ship,,<100,3.38 ,USD,
Sao Tome and Principe,Rest of World,no-free-ship,,<100,4.41 ,USD,
San Marino,Rest of World,no-free-ship,,<100,5.15 ,USD,
"Samoa, Western",Rest of World,no-free-ship,,<100,5.88 ,USD,
Saint Vincent and The Grenadies,Rest of World,no-free-ship,,<100,4.26 ,USD,
Saint Pierre And Miquelon,Rest of World,no-free-ship,,<100,5.59 ,USD,
Saint Lucia,Rest of World,no-free-ship,,<100,3.68 ,USD,
Saint Kitts And Nevis,Rest of World,no-free-ship,,<100,4.26 ,USD,
Saint Helena,Rest of World,no-free-ship,,<100,5.59 ,USD,
Rwanda,Rest of World,no-free-ship,,<100,3.53 ,USD,
Reunion,Rest of World,no-free-ship,,<100,7.50 ,USD,
Pitcairn,Rest of World,no-free-ship,,<100,6.76 ,USD,
Papua New Guinea,Rest of World,no-free-ship,,<100,5.00 ,USD,
Palestine,Rest of World,no-free-ship,,<100,8.82 ,USD,
Northern Mariana Islands,Rest of World,no-free-ship,,<100,7.65 ,USD,
Norfolk Island,Rest of World,no-free-ship,,<100,4.85 ,USD,
Niue,Rest of World,no-free-ship,,<100,6.47 ,USD,
Niger,Rest of World,no-free-ship,,<100,4.41 ,USD,
New Caledonia,Rest of World,no-free-ship,,<100,5.00 ,USD,
Nauru,Rest of World,no-free-ship,,<100,6.76 ,USD,
Namibia,Rest of World,no-free-ship,,<100,4.71 ,USD,
Montserrat,Rest of World,no-free-ship,,<100,4.26 ,USD,
Martinique,Rest of World,no-free-ship,,<100,7.06 ,USD,
Marshall Islands,Rest of World,no-free-ship,,<100,7.35 ,USD,
Mali,Rest of World,no-free-ship,,<100,4.56 ,USD,
Malawi,Rest of World,no-free-ship,,<100,3.53 ,USD,
Liechtenstein,Rest of World,no-free-ship,,<100,6.32 ,USD,
Liberia,Rest of World,no-free-ship,,<100,4.12 ,USD,
Lesotho,Rest of World,no-free-ship,,<100,4.41 ,USD,
Kosovo,Rest of World,no-free-ship,,<100,4.12 ,USD,
Kiribati,Rest of World,no-free-ship,,<100,5.44 ,USD,
Jersey,Rest of World,no-free-ship,,<100,5.74 ,USD,
Jamaica,Rest of World,no-free-ship,,<100,3.68 ,USD,
Isle of Man,Rest of World,no-free-ship,,<100,5.74 ,USD,
Iceland,Rest of World,no-free-ship,,<100,5.44 ,USD,
Haiti,Rest of World,no-free-ship,,<100,4.26 ,USD,
Guinea,Rest of World,no-free-ship,,<100,4.26 ,USD,
Guernsey,Rest of World,no-free-ship,,<100,5.74 ,USD,
Guam,Rest of World,no-free-ship,,<100,7.94 ,USD,
Guadeloupe,Rest of World,no-free-ship,,<100,7.21 ,USD,
Grenada,Rest of World,no-free-ship,,<100,3.97 ,USD,
Greenland,Rest of World,no-free-ship,,<100,8.97 ,USD,
Gibraltar,Rest of World,no-free-ship,,<100,4.85 ,USD,
Gambia,Rest of World,no-free-ship,,<100,3.97 ,USD,
Gabon,Rest of World,no-free-ship,,<100,4.41 ,USD,
French Polynesia,Rest of World,no-free-ship,,<100,5.00 ,USD,
Fiji,Rest of World,no-free-ship,,<100,5.00 ,USD,
Faroe Islands,Rest of World,no-free-ship,,<100,8.24 ,USD,
Falkland Islands,Rest of World,no-free-ship,,<100,6.76 ,USD,
Eritrea,Rest of World,no-free-ship,,<100,3.97 ,USD,
Equatorial Guinea,Rest of World,no-free-ship,,<100,4.26 ,USD,
Dominica,Rest of World,no-free-ship,,<100,4.26 ,USD,
Djibouti,Rest of World,no-free-ship,,<100,4.41 ,USD,
Curacao,Rest of World,no-free-ship,,<100,3.97 ,USD,
Cote D'Ivoire,Rest of World,no-free-ship,,<100,3.53 ,USD,
Cook Islands,Rest of World,no-free-ship,,<100,8.82 ,USD,
Comoros,Rest of World,no-free-ship,,<100,4.41 ,USD,
Chad,Rest of World,no-free-ship,,<100,4.12 ,USD,
Central African Republic,Rest of World,no-free-ship,,<100,4.41 ,USD,
Cayman Islands,Rest of World,no-free-ship,,<100,3.97 ,USD,
Cape Verde,Rest of World,no-free-ship,,<100,4.41 ,USD,
Burundi,Rest of World,no-free-ship,,<100,3.97 ,USD,
Burkina Faso,Rest of World,no-free-ship,,<100,4.56 ,USD,
Botswana,Rest of World,no-free-ship,,<100,3.68 ,USD,
Bonaire,Rest of World,no-free-ship,,<100,4.41 ,USD,
Bhutan,Rest of World,no-free-ship,,<100,4.41 ,USD,
Bermuda,Rest of World,no-free-ship,,<100,3.68 ,USD,
Benin,Rest of World,no-free-ship,,<100,4.41 ,USD,
Barbados,Rest of World,no-free-ship,,<100,3.68 ,USD,
Bahamas,Rest of World,no-free-ship,,<100,3.82 ,USD,
Ascension Island,Rest of World,no-free-ship,,<100,5.88 ,USD,
Aruba,Rest of World,no-free-ship,,<100,4.56 ,USD,
Antigua and Barbuda,Rest of World,no-free-ship,,<100,3.53 ,USD,
Anguilla,Rest of World,no-free-ship,,<100,4.26 ,USD,
Andorra,Rest of World,no-free-ship,,<100,5.15 ,USD,
American Samoa,Rest of World,no-free-ship,,<100,7.50 ,USD,
Algeria,Rest of World,no-free-ship,,<100,3.53 ,USD,
Zambia,Rest of World,no-free-ship,˷,>2000,48.09+ceil((-2000)/10)*1.26,USD,
Zambia,Rest of World,no-free-ship,,<2000,48.09 ,USD,
Wallis And Futuna Islands,Rest of World,no-free-ship,˷,>2000,90.29+ceil((-2000)/10)*2.5,USD,
Wallis And Futuna Islands,Rest of World,no-free-ship,,<2000,90.29 ,USD,
Vanuatu,Rest of World,no-free-ship,˷,>2000,69.56+ceil((-2000)/10)*2.25,USD,
Vanuatu,Rest of World,no-free-ship,,<2000,69.56 ,USD,
United States Virgin Islands,Rest of World,no-free-ship,˷,>2000,46.76+ceil((-2000)/10)*5.79,USD,
United States Virgin Islands,Rest of World,no-free-ship,,<2000,46.76 ,USD,
Tuvalu,Rest of World,no-free-ship,˷,>2000,80.88+ceil((-2000)/10)*1.87,USD,
Tuvalu,Rest of World,no-free-ship,,<2000,80.88 ,USD,
Turks And Caicos Islands,Rest of World,no-free-ship,˷,>2000,65.88+ceil((-2000)/10)*1.5,USD,
Turks And Caicos Islands,Rest of World,no-free-ship,,<2000,65.88 ,USD,
Tristan Da Cunha,Rest of World,no-free-ship,˷,>2000,137.35+ceil((-2000)/10)*2.74,USD,
Tristan Da Cunha,Rest of World,no-free-ship,,<2000,137.35 ,USD,
Trinidad and Tobago,Rest of World,no-free-ship,˷,>2000,65.88+ceil((-2000)/10)*1.5,USD,
Trinidad and Tobago,Rest of World,no-free-ship,,<2000,65.88 ,USD,
Tortola (British Virgin Islands),Rest of World,no-free-ship,˷,>2000,53.97+ceil((-2000)/10)*1.29,USD,
Tortola (British Virgin Islands),Rest of World,no-free-ship,,<2000,53.97 ,USD,
Tonga,Rest of World,no-free-ship,˷,>2000,66.62+ceil((-2000)/10)*2.24,USD,
Tonga,Rest of World,no-free-ship,,<2000,66.62 ,USD,
Tokelau,Rest of World,no-free-ship,˷,>2000,130.44+ceil((-2000)/10)*1.68,USD,
Tokelau,Rest of World,no-free-ship,,<2000,130.44 ,USD,
Togo,Rest of World,no-free-ship,˷,>2000,52.06+ceil((-2000)/10)*2.31,USD,
Togo,Rest of World,no-free-ship,,<2000,52.06 ,USD,
Timor-leste,Rest of World,no-free-ship,˷,>2000,137.35+ceil((-2000)/10)*2.74,USD,
Timor-leste,Rest of World,no-free-ship,,<2000,137.35 ,USD,
Swaziland,Rest of World,no-free-ship,˷,>2000,51.32+ceil((-2000)/10)*1.57,USD,
Swaziland,Rest of World,no-free-ship,,<2000,51.32 ,USD,
Solomon Islands,Rest of World,no-free-ship,˷,>2000,48.53+ceil((-2000)/10)*1.71,USD,
Solomon Islands,Rest of World,no-free-ship,,<2000,48.53 ,USD,
Sint Maarteen,Rest of World,no-free-ship,˷,>2000,65.88+ceil((-2000)/10)*1.5,USD,
Sint Maarteen,Rest of World,no-free-ship,,<2000,65.88 ,USD,
Sierra Leone,Rest of World,no-free-ship,˷,>2000,65.88+ceil((-2000)/10)*1.5,USD,
Sierra Leone,Rest of World,no-free-ship,,<2000,65.88 ,USD,
Seychelles,Rest of World,no-free-ship,˷,>2000,42.06+ceil((-2000)/10)*1.09,USD,
Seychelles,Rest of World,no-free-ship,,<2000,42.06 ,USD,
Senegal,Rest of World,no-free-ship,˷,>2000,48.09+ceil((-2000)/10)*1.26,USD,
Senegal,Rest of World,no-free-ship,,<2000,48.09 ,USD,
Sao Tome and Principe,Rest of World,no-free-ship,˷,>2000,65.88+ceil((-2000)/10)*1.5,USD,
Sao Tome and Principe,Rest of World,no-free-ship,,<2000,65.88 ,USD,
San Marino,Rest of World,no-free-ship,˷,>2000,63.82+ceil((-2000)/10)*2.38,USD,
San Marino,Rest of World,no-free-ship,,<2000,63.82 ,USD,
"Samoa, Western",Rest of World,no-free-ship,˷,>2000,98.09+ceil((-2000)/10)*1.51,USD,
"Samoa, Western",Rest of World,no-free-ship,,<2000,98.09 ,USD,
Saint Vincent and The Grenadies,Rest of World,no-free-ship,˷,>2000,62.94+ceil((-2000)/10)*1.49,USD,
Saint Vincent and The Grenadies,Rest of World,no-free-ship,,<2000,62.94 ,USD,
Saint Pierre And Miquelon,Rest of World,no-free-ship,˷,>2000,53.09+ceil((-2000)/10)*3.34,USD,
Saint Pierre And Miquelon,Rest of World,no-free-ship,,<2000,53.09 ,USD,
Saint Lucia,Rest of World,no-free-ship,˷,>2000,53.97+ceil((-2000)/10)*1.29,USD,
Saint Lucia,Rest of World,no-free-ship,,<2000,53.97 ,USD,
Saint Kitts And Nevis,Rest of World,no-free-ship,˷,>2000,62.94+ceil((-2000)/10)*1.49,USD,
Saint Kitts And Nevis,Rest of World,no-free-ship,,<2000,62.94 ,USD,
Saint Helena,Rest of World,no-free-ship,˷,>2000,55.88+ceil((-2000)/10)*3.21,USD,
Saint Helena,Rest of World,no-free-ship,,<2000,55.88 ,USD,
Rwanda,Rest of World,no-free-ship,˷,>2000,51.03+ceil((-2000)/10)*1.28,USD,
Rwanda,Rest of World,no-free-ship,,<2000,51.03 ,USD,
Reunion,Rest of World,no-free-ship,˷,>2000,49.41+ceil((-2000)/10)*5.51,USD,
Reunion,Rest of World,no-free-ship,,<2000,49.41 ,USD,
Pitcairn,Rest of World,no-free-ship,˷,>2000,98.97+ceil((-2000)/10)*2.40,USD,
Pitcairn,Rest of World,no-free-ship,,<2000,98.97 ,USD,
Papua New Guinea,Rest of World,no-free-ship,˷,>2000,77.65+ceil((-2000)/10)*1.56,USD,
Papua New Guinea,Rest of World,no-free-ship,,<2000,77.65 ,USD,
Palestine,Rest of World,no-free-ship,˷,>2000,137.35+ceil((-2000)/10)*2.74,USD,
Palestine,Rest of World,no-free-ship,,<2000,137.35 ,USD,
Northern Mariana Islands,Rest of World,no-free-ship,˷,>2000,46.76+ceil((-2000)/10)*5.79,USD,
Northern Mariana Islands,Rest of World,no-free-ship,,<2000,46.76 ,USD,
Norfolk Island,Rest of World,no-free-ship,˷,>2000,77.5+ceil((-2000)/10)*1.41,USD,
Norfolk Island,Rest of World,no-free-ship,,<2000,77.50 ,USD,
Niue,Rest of World,no-free-ship,˷,>2000,104.26+ceil((-2000)/10)*1.84,USD,
Niue,Rest of World,no-free-ship,,<2000,104.26 ,USD,
Niger,Rest of World,no-free-ship,˷,>2000,49.12+ceil((-2000)/10)*2.29,USD,
Niger,Rest of World,no-free-ship,,<2000,49.12 ,USD,
New Caledonia,Rest of World,no-free-ship,˷,>2000,77.65+ceil((-2000)/10)*1.56,USD,
New Caledonia,Rest of World,no-free-ship,,<2000,77.65 ,USD,
Nauru,Rest of World,no-free-ship,˷,>2000,96.18+ceil((-2000)/10)*2.53,USD,
Nauru,Rest of World,no-free-ship,,<2000,96.18 ,USD,
Namibia,Rest of World,no-free-ship,˷,>2000,55+ceil((-2000)/10)*2.32,USD,
Namibia,Rest of World,no-free-ship,,<2000,55.00 ,USD,
Montserrat,Rest of World,no-free-ship,˷,>2000,62.94+ceil((-2000)/10)*1.49,USD,
Montserrat,Rest of World,no-free-ship,,<2000,62.94 ,USD,
Martinique,Rest of World,no-free-ship,˷,>2000,51.76+ceil((-2000)/10)*4.94,USD,
Martinique,Rest of World,no-free-ship,,<2000,51.76 ,USD,
Marshall Islands,Rest of World,no-free-ship,˷,>2000,43.68+ceil((-2000)/10)*5.63,USD,
Marshall Islands,Rest of World,no-free-ship,,<2000,43.68 ,USD,
Mali,Rest of World,no-free-ship,˷,>2000,52.06+ceil((-2000)/10)*2.31,USD,
Mali,Rest of World,no-free-ship,,<2000,52.06 ,USD,
Malawi,Rest of World,no-free-ship,˷,>2000,51.03+ceil((-2000)/10)*1.28,USD,
Malawi,Rest of World,no-free-ship,,<2000,51.03 ,USD,
Liechtenstein,Rest of World,no-free-ship,˷,>2000,48.24+ceil((-2000)/10)*4.34,USD,
Liechtenstein,Rest of World,no-free-ship,,<2000,48.24 ,USD,
Liberia,Rest of World,no-free-ship,˷,>2000,62.79+ceil((-2000)/10)*1.34,USD,
Liberia,Rest of World,no-free-ship,,<2000,62.79 ,USD,
Lesotho,Rest of World,no-free-ship,˷,>2000,65.88+ceil((-2000)/10)*1.5,USD,
Lesotho,Rest of World,no-free-ship,,<2000,65.88 ,USD,
Kosovo,Rest of World,no-free-ship,˷,>2000,51.62+ceil((-2000)/10)*1.87,USD,
Zimbabwe,Zone C,small-light,,<20,1.91 ,USD,
Venezuela,Zone C,small-light,,<20,1.59 ,USD,
Ukraine,Zone C,small-light,,<20,1.32 ,USD,
Uganda,Zone C,small-light,,<20,1.47 ,USD,
Tanzania,Zone C,small-light,,<20,1.50 ,USD,
Sudan,Zone C,small-light,,<20,2.26 ,USD,
South Africa,Zone C,small-light,,<20,3.76 ,USD,
Somalia,Zone C,small-light,,<20,1.82 ,USD,
Russia,Zone C,small-light,,<20,2.18 ,USD,
Peru,Zone C,small-light,,<20,1.68 ,USD,
Pakistan,Zone C,small-light,,<20,1.15 ,USD,
Nigeria,Zone C,small-light,,<20,1.53 ,USD,
Mozambique,Zone C,small-light,,<20,1.56 ,USD,
Madagascar,Zone C,small-light,,<20,1.62 ,USD,
Libya,Zone C,small-light,,<20,2.56 ,USD,
Kenya,Zone C,small-light,,<20,1.47 ,USD,
Iraq,Zone C,small-light,,<20,1.47 ,USD,
Iran,Zone C,small-light,,<20,1.47 ,USD,
Ghana,Zone C,small-light,,<20,1.59 ,USD,
Ethiopia,Zone C,small-light,,<20,1.47 ,USD,
Cuba,Zone C,small-light,,<20,1.59 ,USD,
Congo (REP. OF),Zone C,small-light,,<20,1.53 ,USD,
Congo (DEM. REP. OF),Zone C,small-light,,<20,1.82 ,USD,
Chile,Zone C,small-light,,<20,2.00 ,USD,
Cameroon,Zone C,small-light,,<20,2.53 ,USD,
Brazil,Zone C,small-light,,<20,4.94 ,USD,
Belarus,Zone C,small-light,,<20,2.50 ,USD,
Argentina,Zone C,small-light,,<20,1.68 ,USD,
Angola,Zone C,small-light,,<20,1.56 ,USD,
Afghanistan,Zone C,small-light,,<20,1.71 ,USD,
Zimbabwe,Zone C,small-light,,<50,2.35 ,USD,
Venezuela,Zone C,small-light,,<50,2.43 ,USD,
Ukraine,Zone C,small-light,,<50,1.76 ,USD,
Uganda,Zone C,small-light,,<50,2.13 ,USD,
Tanzania,Zone C,small-light,,<50,2.21 ,USD,
Sudan,Zone C,small-light,,<50,3.01 ,USD,
South Africa,Zone C,small-light,,<50,4.34 ,USD,
Somalia,Zone C,small-light,,<50,2.79 ,USD,
Russia,Zone C,small-light,,<50,2.35 ,USD,
Peru,Zone C,small-light,,<50,2.65 ,USD,
Pakistan,Zone C,small-light,,<50,1.32 ,USD,
Nigeria,Zone C,small-light,,<50,2.28 ,USD,
Mozambique,Zone C,small-light,,<50,2.35 ,USD,
Madagascar,Zone C,small-light,,<50,2.50 ,USD,
Libya,Zone C,small-light,,<50,3.31 ,USD,
Kenya,Zone C,small-light,,<50,2.13 ,USD,
Iraq,Zone C,small-light,,<50,2.13 ,USD,
Iran,Zone C,small-light,,<50,2.13 ,USD,
Ghana,Zone C,small-light,,<50,2.43 ,USD,
Ethiopia,Zone C,small-light,,<50,2.13 ,USD,
Cuba,Zone C,small-light,,<50,2.43 ,USD,
Congo (REP. OF),Zone C,small-light,,<50,2.28 ,USD,
Congo (DEM. REP. OF),Zone C,small-light,,<50,2.79 ,USD,
Chile,Zone C,small-light,,<50,2.35 ,USD,
Cameroon,Zone C,small-light,,<50,3.24 ,USD,
Brazil,Zone C,small-light,,<50,5.29 ,USD,
Belarus,Zone C,small-light,,<50,3.38 ,USD,
Argentina,Zone C,small-light,,<50,2.65 ,USD,
Angola,Zone C,small-light,,<50,2.35 ,USD,
Afghanistan,Zone C,small-light,,<50,2.50 ,USD,
Zimbabwe,Zone C,small-light,,<300,6.03 ,USD,
Venezuela,Zone C,small-light,,<300,9.41 ,USD,
Ukraine,Zone C,small-light,,<300,5.44 ,USD,
Uganda,Zone C,small-light,,<300,7.65 ,USD,
Tanzania,Zone C,small-light,,<300,8.09 ,USD,
Sudan,Zone C,small-light,,<300,9.26 ,USD,
South Africa,Zone C,small-light,,<300,9.12 ,USD,
Somalia,Zone C,small-light,,<300,10.88 ,USD,
Russia,Zone C,small-light,,<300,3.82 ,USD,
Peru,Zone C,small-light,,<300,10.74 ,USD,
Pakistan,Zone C,small-light,,<300,2.79 ,USD,
Nigeria,Zone C,small-light,,<300,8.53 ,USD,
Mozambique,Zone C,small-light,,<300,8.97 ,USD,
Madagascar,Zone C,small-light,,<300,9.85 ,USD,
Libya,Zone C,small-light,,<300,9.56 ,USD,
Kenya,Zone C,small-light,,<300,7.65 ,USD,
Iraq,Zone C,small-light,,<300,7.65 ,USD,
Iran,Zone C,small-light,,<300,7.65 ,USD,
Ghana,Zone C,small-light,,<300,9.41 ,USD,
Ethiopia,Zone C,small-light,,<300,7.65 ,USD,
Cuba,Zone C,small-light,,<300,9.41 ,USD,
Congo (REP. OF),Zone C,small-light,,<300,8.53 ,USD,
Congo (DEM. REP. OF),Zone C,small-light,,<300,10.88 ,USD,
Chile,Zone C,small-light,,<300,5.29 ,USD,
Cameroon,Zone C,small-light,,<300,9.12 ,USD,
Brazil,Zone C,small-light,,<300,8.24 ,USD,
Belarus,Zone C,small-light,,<300,10.74 ,USD,
Argentina,Zone C,small-light,,<300,10.74 ,USD,
Angola,Zone C,small-light,,<300,8.97 ,USD,
Afghanistan,Zone C,small-light,,<300,9.12 ,USD,
Zimbabwe,Zone C,small-light,,<100,3.09 ,USD,
Venezuela,Zone C,small-light,,<100,3.82 ,USD,
Ukraine,Zone C,small-light,,<100,2.50 ,USD,
Uganda,Zone C,small-light,,<100,3.24 ,USD,
Tanzania,Zone C,small-light,,<100,3.38 ,USD,
Sudan,Zone C,small-light,,<100,4.26 ,USD,
South Africa,Zone C,small-light,,<100,5.29 ,USD,
Somalia,Zone C,small-light,,<100,4.41 ,USD,
Russia,Zone C,small-light,,<100,2.65 ,USD,
Peru,Zone C,small-light,,<100,4.26 ,USD,
Pakistan,Zone C,small-light,,<100,1.62 ,USD,
Nigeria,Zone C,small-light,,<100,3.53 ,USD,
Mozambique,Zone C,small-light,,<100,3.68 ,USD,
Madagascar,Zone C,small-light,,<100,3.97 ,USD,
Libya,Zone C,small-light,,<100,4.56 ,USD,
Kenya,Zone C,small-light,,<100,3.24 ,USD,
Iraq,Zone C,small-light,,<100,3.24 ,USD,
Iran,Zone C,small-light,,<100,3.24 ,USD,
Ghana,Zone C,small-light,,<100,3.82 ,USD,
Ethiopia,Zone C,small-light,,<100,3.24 ,USD,
Cuba,Zone C,small-light,,<100,3.82 ,USD,
Congo (REP. OF),Zone C,small-light,,<100,3.53 ,USD,
Congo (DEM. REP. OF),Zone C,small-light,,<100,4.41 ,USD,
Chile,Zone C,small-light,,<100,2.94 ,USD,
Cameroon,Zone C,small-light,,<100,4.41 ,USD,
Brazil,Zone C,small-light,,<100,5.88 ,USD,
Belarus,Zone C,small-light,,<100,4.85 ,USD,
Argentina,Zone C,small-light,,<100,4.26 ,USD,
Angola,Zone C,small-light,,<100,3.68 ,USD,
Afghanistan,Zone C,small-light,,<100,3.82 ,USD,
Zambia,Rest of World,small-light,,<200,5.74 ,USD,
Wallis And Futuna Islands,Rest of World,small-light,,<200,10.88 ,USD,
Vanuatu,Rest of World,small-light,,<200,8.68 ,USD,
United States Virgin Islands,Rest of World,small-light,,<200,9.71 ,USD,
Tuvalu,Rest of World,small-light,,<200,9.41 ,USD,
Turks And Caicos Islands,Rest of World,small-light,,<200,7.65 ,USD,
Tristan Da Cunha,Rest of World,small-light,,<200,15.59 ,USD,
Trinidad and Tobago,Rest of World,small-light,,<200,7.65 ,USD,
Tortola (British Virgin Islands),Rest of World,small-light,,<200,6.32 ,USD,
Tonga,Rest of World,small-light,,<200,8.38 ,USD,
Tokelau,Rest of World,small-light,,<200,13.97 ,USD,
Togo,Rest of World,small-light,,<200,7.06 ,USD,
Timor-leste,Rest of World,small-light,,<200,15.59 ,USD,
Swaziland,Rest of World,small-light,,<200,6.32 ,USD,
Solomon Islands,Rest of World,small-light,,<200,6.18 ,USD,
Sint Maarteen,Rest of World,small-light,,<200,7.65 ,USD,
Sierra Leone,Rest of World,small-light,,<200,7.65 ,USD,
Seychelles,Rest of World,small-light,,<200,5.00 ,USD,
Senegal,Rest of World,small-light,,<200,5.74 ,USD,
Sao Tome and Principe,Rest of World,small-light,,<200,7.65 ,USD,
San Marino,Rest of World,small-light,,<200,8.24 ,USD,
"Samoa, Western",Rest of World,small-light,,<200,10.74 ,USD,
Saint Vincent and The Grenadies,Rest of World,small-light,,<200,7.35 ,USD,
Saint Pierre And Miquelon,Rest of World,small-light,,<200,8.09 ,USD,
Saint Lucia,Rest of World,small-light,,<200,6.32 ,USD,
Saint Kitts And Nevis,Rest of World,small-light,,<200,7.35 ,USD,
Saint Helena,Rest of World,small-light,,<200,8.24 ,USD,
Rwanda,Rest of World,small-light,,<200,6.03 ,USD,
Reunion,Rest of World,small-light,,<200,9.71 ,USD,
Pitcairn,Rest of World,small-light,,<200,11.62 ,USD,
Papua New Guinea,Rest of World,small-light,,<200,8.82 ,USD,
Palestine,Rest of World,small-light,,<200,15.59 ,USD,
Northern Mariana Islands,Rest of World,small-light,,<200,9.71 ,USD,
Norfolk Island,Rest of World,small-light,,<200,8.68 ,USD,
Niue,Rest of World,small-light,,<200,11.62 ,USD,
Niger,Rest of World,small-light,,<200,6.76 ,USD,
New Caledonia,Rest of World,small-light,,<200,8.82 ,USD,
Nauru,Rest of World,small-light,,<200,11.47 ,USD,
Namibia,Rest of World,small-light,,<200,7.35 ,USD,
Montserrat,Rest of World,small-light,,<200,7.35 ,USD,
Martinique,Rest of World,small-light,,<200,9.41 ,USD,
Marshall Islands,Rest of World,small-light,,<200,9.26 ,USD,
Mali,Rest of World,small-light,,<200,7.06 ,USD,
Malawi,Rest of World,small-light,,<200,6.03 ,USD,
Liechtenstein,Rest of World,small-light,,<200,8.53 ,USD,
Liberia,Rest of World,small-light,,<200,7.21 ,USD,
Lesotho,Rest of World,small-light,,<200,7.65 ,USD,
Kosovo,Rest of World,small-light,,<200,6.62 ,USD,
Kiribati,Rest of World,small-light,,<200,9.41 ,USD,
Jersey,Rest of World,small-light,,<200,6.62 ,USD,
Jamaica,Rest of World,small-light,,<200,6.32 ,USD,
Isle of Man,Rest of World,small-light,,<200,6.62 ,USD,
Iceland,Rest of World,small-light,,<200,6.76 ,USD,
Haiti,Rest of World,small-light,,<200,7.35 ,USD,
Guinea,Rest of World,small-light,,<200,6.76 ,USD,
Guernsey,Rest of World,small-light,,<200,6.62 ,USD,
Guam,Rest of World,small-light,,<200,10.00 ,USD,
Guadeloupe,Rest of World,small-light,,<200,9.26 ,USD,
Grenada,Rest of World,small-light,,<200,6.91 ,USD,
Greenland,Rest of World,small-light,,<200,13.24 ,USD,
Gibraltar,Rest of World,small-light,,<200,8.38 ,USD,
Gambia,Rest of World,small-light,,<200,6.91 ,USD,
Gabon,Rest of World,small-light,,<200,6.76 ,USD,
French Polynesia,Rest of World,small-light,,<200,8.82 ,USD,
Fiji,Rest of World,small-light,,<200,8.82 ,USD,
Faroe Islands,Rest of World,small-light,,<200,11.76 ,USD,
Falkland Islands,Rest of World,small-light,,<200,11.47 ,USD,
Eritrea,Rest of World,small-light,,<200,6.91 ,USD,
Equatorial Guinea,Rest of World,small-light,,<200,6.91 ,USD,
Dominica,Rest of World,small-light,,<200,7.35 ,USD,
Djibouti,Rest of World,small-light,,<200,7.65 ,USD,
Curacao,Rest of World,small-light,,<200,6.91 ,USD,
Cote D'Ivoire,Rest of World,small-light,,<200,6.03 ,USD,
Cook Islands,Rest of World,small-light,,<200,15.59 ,USD,
Comoros,Rest of World,small-light,,<200,6.76 ,USD,
Chad,Rest of World,small-light,,<200,7.21 ,USD,
Central African Republic,Rest of World,small-light,,<200,7.65 ,USD,
Cayman Islands,Rest of World,small-light,,<200,6.91 ,USD,
Cape Verde,Rest of World,small-light,,<200,7.65 ,USD,
Burundi,Rest of World,small-light,,<200,6.91 ,USD,
Burkina Faso,Rest of World,small-light,,<200,7.06 ,USD,
Botswana,Rest of World,small-light,,<200,6.32 ,USD,
Bonaire,Rest of World,small-light,,<200,7.65 ,USD,
Bhutan,Rest of World,small-light,,<200,5.88 ,USD,
Bermuda,Rest of World,small-light,,<200,6.32 ,USD,
Benin,Rest of World,small-light,,<200,6.91 ,USD,
Barbados,Rest of World,small-light,,<200,6.32 ,USD,
Bahamas,Rest of World,small-light,,<200,6.62 ,USD,
Ascension Island,Rest of World,small-light,,<200,8.82 ,USD,
Aruba,Rest of World,small-light,,<200,7.79 ,USD,
Antigua and Barbuda,Rest of World,small-light,,<200,6.03 ,USD,
Anguilla,Rest of World,small-light,,<200,7.35 ,USD,
Andorra,Rest of World,small-light,,<200,6.62 ,USD,
American Samoa,Rest of World,small-light,,<200,9.41 ,USD,
Algeria,Rest of World,small-light,,<200,6.18 ,USD,
Zambia,Rest of World,small-light,,<20,1.50 ,USD,
Wallis And Futuna Islands,Rest of World,small-light,,<20,2.94 ,USD,
Vanuatu,Rest of World,small-light,,<20,2.59 ,USD,
United States Virgin Islands,Rest of World,small-light,,<20,6.00 ,USD,
Tuvalu,Rest of World,small-light,,<20,2.26 ,USD,
Turks And Caicos Islands,Rest of World,small-light,,<20,1.82 ,USD,
Tristan Da Cunha,Rest of World,small-light,,<20,3.41 ,USD,
Trinidad and Tobago,Rest of World,small-light,,<20,1.82 ,USD,
Tortola (British Virgin Islands),Rest of World,small-light,,<20,1.56 ,USD,
Tonga,Rest of World,small-light,,<20,2.56 ,USD,
Tokelau,Rest of World,small-light,,<20,2.32 ,USD,
Togo,Rest of World,small-light,,<20,2.56 ,USD,
Timor-leste,Rest of World,small-light,,<20,3.41 ,USD,
Swaziland,Rest of World,small-light,,<20,1.82 ,USD,
Solomon Islands,Rest of World,small-light,,<20,1.94 ,USD,
Sint Maarteen,Rest of World,small-light,,<20,1.82 ,USD,
Sierra Leone,Rest of World,small-light,,<20,1.82 ,USD,
Seychelles,Rest of World,small-light,,<20,1.29 ,USD,
Senegal,Rest of World,small-light,,<20,1.50 ,USD,
Sao Tome and Principe,Rest of World,small-light,,<20,1.82 ,USD,
San Marino,Rest of World,small-light,,<20,2.68 ,USD,
"Samoa, Western",Rest of World,small-light,,<20,2.00 ,USD,
Saint Vincent and The Grenadies,Rest of World,small-light,,<20,1.79 ,USD,
Saint Pierre And Miquelon,Rest of World,small-light,,<20,3.59 ,USD,
Saint Lucia,Rest of World,small-light,,<20,1.56 ,USD,
Saint Kitts And Nevis,Rest of World,small-light,,<20,1.79 ,USD,
Saint Helena,Rest of World,small-light,,<20,3.47 ,USD,
Rwanda,Rest of World,small-light,,<20,1.53 ,USD,
Reunion,Rest of World,small-light,,<20,5.74 ,USD,
Pitcairn,Rest of World,small-light,,<20,2.88 ,USD,
Papua New Guinea,Rest of World,small-light,,<20,1.94 ,USD,
Palestine,Rest of World,small-light,,<20,3.41 ,USD,
Northern Mariana Islands,Rest of World,small-light,,<20,6.00 ,USD,
Norfolk Island,Rest of World,small-light,,<20,1.79 ,USD,
Niue,Rest of World,small-light,,<20,2.35 ,USD,
Niger,Rest of World,small-light,,<20,2.53 ,USD,
New Caledonia,Rest of World,small-light,,<20,1.94 ,USD,
Nauru,Rest of World,small-light,,<20,3.00 ,USD,
Namibia,Rest of World,small-light,,<20,2.59 ,USD,
Montserrat,Rest of World,small-light,,<20,1.79 ,USD,
Martinique,Rest of World,small-light,,<20,5.18 ,USD,
Marshall Islands,Rest of World,small-light,,<20,5.82 ,USD,
Mali,Rest of World,small-light,,<20,2.56 ,USD,
Malawi,Rest of World,small-light,,<20,1.53 ,USD,
Liechtenstein,Rest of World,small-light,,<20,4.56 ,USD,
Liberia,Rest of World,small-light,,<20,1.65 ,USD,
Lesotho,Rest of World,small-light,,<20,1.82 ,USD,
Kosovo,Rest of World,small-light,,<20,2.12 ,USD,
Kiribati,Rest of World,small-light,,<20,2.26 ,USD,
Jersey,Rest of World,small-light,,<20,5.03 ,USD,
Jamaica,Rest of World,small-light,,<20,1.56 ,USD,
Isle of Man,Rest of World,small-light,,<20,5.03 ,USD,
Iceland,Rest of World,small-light,,<20,4.38 ,USD,
Haiti,Rest of World,small-light,,<20,1.79 ,USD,
Guinea,Rest of World,small-light,,<20,2.26 ,USD,
Guernsey,Rest of World,small-light,,<20,5.03 ,USD,
Guam,Rest of World,small-light,,<20,6.29 ,USD,
Guadeloupe,Rest of World,small-light,,<20,5.56 ,USD,
Grenada,Rest of World,small-light,,<20,1.62 ,USD,
Greenland,Rest of World,small-light,,<20,5.56 ,USD,
Gibraltar,Rest of World,small-light,,<20,2.03 ,USD,
Gambia,Rest of World,small-light,,<20,1.62 ,USD,
Gabon,Rest of World,small-light,,<20,2.53 ,USD,
French Polynesia,Rest of World,small-light,,<20,1.94 ,USD,
Fiji,Rest of World,small-light,,<20,1.94 ,USD,
Faroe Islands,Rest of World,small-light,,<20,5.41 ,USD,
Falkland Islands,Rest of World,small-light,,<20,3.00 ,USD,
Eritrea,Rest of World,small-light,,<20,1.62 ,USD,
Equatorial Guinea,Rest of World,small-light,,<20,2.15 ,USD,
Dominica,Rest of World,small-light,,<20,1.79 ,USD,
Djibouti,Rest of World,small-light,,<20,1.82 ,USD,
Curacao,Rest of World,small-light,,<20,1.62 ,USD,
Cote D'Ivoire,Rest of World,small-light,,<20,1.53 ,USD,
Cook Islands,Rest of World,small-light,,<20,3.41 ,USD,
Comoros,Rest of World,small-light,,<20,2.53 ,USD,
Chad,Rest of World,small-light,,<20,1.65 ,USD,
Central African Republic,Rest of World,small-light,,<20,1.82 ,USD,
Cayman Islands,Rest of World,small-light,,<20,1.62 ,USD,
Cape Verde,Rest of World,small-light,,<20,1.82 ,USD,
Burundi,Rest of World,small-light,,<20,1.62 ,USD,
Burkina Faso,Rest of World,small-light,,<20,2.56 ,USD,
Botswana,Rest of World,small-light,,<20,1.56 ,USD,
Bonaire,Rest of World,small-light,,<20,1.82 ,USD,
Bhutan,Rest of World,small-light,,<20,3.24 ,USD,
Bermuda,Rest of World,small-light,,<20,1.56 ,USD,
Benin,Rest of World,small-light,,<20,2.41 ,USD,
Barbados,Rest of World,small-light,,<20,1.56 ,USD,
Bahamas,Rest of World,small-light,,<20,1.59 ,USD,
Ascension Island,Rest of World,small-light,,<20,3.53 ,USD,
Aruba,Rest of World,small-light,,<20,1.97 ,USD,
Antigua and Barbuda,Rest of World,small-light,,<20,1.53 ,USD,
Anguilla,Rest of World,small-light,,<20,1.79 ,USD,
Andorra,Rest of World,small-light,,<20,3.97 ,USD,
American Samoa,Rest of World,small-light,,<20,5.97 ,USD,
Algeria,Rest of World,small-light,,<20,1.41 ,USD,
Zambia,Rest of World,small-light,,<100,3.38 ,USD,
Wallis And Futuna Islands,Rest of World,small-light,,<100,6.47 ,USD,
Vanuatu,Rest of World,small-light,,<100,5.29 ,USD,
United States Virgin Islands,Rest of World,small-light,,<100,7.65 ,USD,
Tuvalu,Rest of World,small-light,,<100,5.44 ,USD,
Turks And Caicos Islands,Rest of World,small-light,,<100,4.41 ,USD,
Tristan Da Cunha,Rest of World,small-light,,<100,8.82 ,USD,
Trinidad and Tobago,Rest of World,small-light,,<100,4.41 ,USD,
Tortola (British Virgin Islands),Rest of World,small-light,,<100,3.68 ,USD,
Tonga,Rest of World,small-light,,<100,5.15 ,USD,
Tokelau,Rest of World,small-light,,<100,7.50 ,USD,
Togo,Rest of World,small-light,,<100,4.56 ,USD,
Timor-leste,Rest of World,small-light,,<100,8.82 ,USD,
Swaziland,Rest of World,small-light,,<100,3.82 ,USD,
Solomon Islands,Rest of World,small-light,,<100,3.82 ,USD,
Sint Maarteen,Rest of World,small-light,,<100,4.41 ,USD,
Sierra Leone,Rest of World,small-light,,<100,4.41 ,USD,
Seychelles,Rest of World,small-light,,<100,2.94 ,USD,
Senegal,Rest of World,small-light,,<100,3.38 ,USD,
Sao Tome and Principe,Rest of World,small-light,,<100,4.41 ,USD,
San Marino,Rest of World,small-light,,<100,5.15 ,USD,
"Samoa, Western",Rest of World,small-light,,<100,5.88 ,USD,
Saint Vincent and The Grenadies,Rest of World,small-light,,<100,4.26 ,USD,
Saint Pierre And Miquelon,Rest of World,small-light,,<100,5.59 ,USD,
Saint Lucia,Rest of World,small-light,,<100,3.68 ,USD,
Saint Kitts And Nevis,Rest of World,small-light,,<100,4.26 ,USD,
Saint Helena,Rest of World,small-light,,<100,5.59 ,USD,
Rwanda,Rest of World,small-light,,<100,3.53 ,USD,
Reunion,Rest of World,small-light,,<100,7.50 ,USD,
Pitcairn,Rest of World,small-light,,<100,6.76 ,USD,
Papua New Guinea,Rest of World,small-light,,<100,5.00 ,USD,
Palestine,Rest of World,small-light,,<100,8.82 ,USD,
Northern Mariana Islands,Rest of World,small-light,,<100,7.65 ,USD,
Norfolk Island,Rest of World,small-light,,<100,4.85 ,USD,
Niue,Rest of World,small-light,,<100,6.47 ,USD,
Niger,Rest of World,small-light,,<100,4.41 ,USD,
New Caledonia,Rest of World,small-light,,<100,5.00 ,USD,
Nauru,Rest of World,small-light,,<100,6.76 ,USD,
Namibia,Rest of World,small-light,,<100,4.71 ,USD,
Montserrat,Rest of World,small-light,,<100,4.26 ,USD,
Martinique,Rest of World,small-light,,<100,7.06 ,USD,
Marshall Islands,Rest of World,small-light,,<100,7.35 ,USD,
Mali,Rest of World,small-light,,<100,4.56 ,USD,
Malawi,Rest of World,small-light,,<100,3.53 ,USD,
Liechtenstein,Rest of World,small-light,,<100,6.32 ,USD,
Liberia,Rest of World,small-light,,<100,4.12 ,USD,
Lesotho,Rest of World,small-light,,<100,4.41 ,USD,
Kosovo,Rest of World,small-light,,<100,4.12 ,USD,
Kiribati,Rest of World,small-light,,<100,5.44 ,USD,
Jersey,Rest of World,small-light,,<100,5.74 ,USD,
Jamaica,Rest of World,small-light,,<100,3.68 ,USD,
Isle of Man,Rest of World,small-light,,<100,5.74 ,USD,
Iceland,Rest of World,small-light,,<100,5.44 ,USD,
Haiti,Rest of World,small-light,,<100,4.26 ,USD,
Guinea,Rest of World,small-light,,<100,4.26 ,USD,
Guernsey,Rest of World,small-light,,<100,5.74 ,USD,
Guam,Rest of World,small-light,,<100,7.94 ,USD,
Guadeloupe,Rest of World,small-light,,<100,7.21 ,USD,
Grenada,Rest of World,small-light,,<100,3.97 ,USD,
Greenland,Rest of World,small-light,,<100,8.97 ,USD,
Gibraltar,Rest of World,small-light,,<100,4.85 ,USD,
Gambia,Rest of World,small-light,,<100,3.97 ,USD,
Gabon,Rest of World,small-light,,<100,4.41 ,USD,
French Polynesia,Rest of World,small-light,,<100,5.00 ,USD,
Fiji,Rest of World,small-light,,<100,5.00 ,USD,
Faroe Islands,Rest of World,small-light,,<100,8.24 ,USD,
Falkland Islands,Rest of World,small-light,,<100,6.76 ,USD,
Eritrea,Rest of World,small-light,,<100,3.97 ,USD,
Equatorial Guinea,Rest of World,small-light,,<100,4.26 ,USD,
Dominica,Rest of World,small-light,,<100,4.26 ,USD,
Djibouti,Rest of World,small-light,,<100,4.41 ,USD,
Curacao,Rest of World,small-light,,<100,3.97 ,USD,
Cote D'Ivoire,Rest of World,small-light,,<100,3.53 ,USD,
Cook Islands,Rest of World,small-light,,<100,8.82 ,USD,
Comoros,Rest of World,small-light,,<100,4.41 ,USD,
Chad,Rest of World,small-light,,<100,4.12 ,USD,
Central African Republic,Rest of World,small-light,,<100,4.41 ,USD,
Cayman Islands,Rest of World,small-light,,<100,3.97 ,USD,
Cape Verde,Rest of World,small-light,,<100,4.41 ,USD,
Burundi,Rest of World,small-light,,<100,3.97 ,USD,
Burkina Faso,Rest of World,small-light,,<100,4.56 ,USD,
Botswana,Rest of World,small-light,,<100,3.68 ,USD,
Bonaire,Rest of World,small-light,,<100,4.41 ,USD,
Bhutan,Rest of World,small-light,,<100,4.41 ,USD,
Bermuda,Rest of World,small-light,,<100,3.68 ,USD,
Benin,Rest of World,small-light,,<100,4.41 ,USD,
Barbados,Rest of World,small-light,,<100,3.68 ,USD,
Bahamas,Rest of World,small-light,,<100,3.82 ,USD,
Ascension Island,Rest of World,small-light,,<100,5.88 ,USD,
Aruba,Rest of World,small-light,,<100,4.56 ,USD,
Antigua and Barbuda,Rest of World,small-light,,<100,3.53 ,USD,
Anguilla,Rest of World,small-light,,<100,4.26 ,USD,
Andorra,Rest of World,small-light,,<100,5.15 ,USD,
American Samoa,Rest of World,small-light,,<100,7.50 ,USD,
Algeria,Rest of World,small-light,,<100,3.53 ,USD,
Zambia,Rest of World,small-light,,<300,8.09 ,USD,
Wallis And Futuna Islands,Rest of World,small-light,,<300,15.29 ,USD,
Vanuatu,Rest of World,small-light,,<300,12.06 ,USD,
United States Virgin Islands,Rest of World,small-light,,<300,11.76 ,USD,
Tuvalu,Rest of World,small-light,,<300,13.38 ,USD,
Turks And Caicos Islands,Rest of World,small-light,,<300,10.88 ,USD,
Tristan Da Cunha,Rest of World,small-light,,<300,22.35 ,USD,
Trinidad and Tobago,Rest of World,small-light,,<300,10.88 ,USD,
Tortola (British Virgin Islands),Rest of World,small-light,,<300,8.97 ,USD,
Tonga,Rest of World,small-light,,<300,11.62 ,USD,
Tokelau,Rest of World,small-light,,<300,20.44 ,USD,
Togo,Rest of World,small-light,,<300,9.56 ,USD,
Timor-leste,Rest of World,small-light,,<300,22.35 ,USD,
Swaziland,Rest of World,small-light,,<300,8.82 ,USD,
Solomon Islands,Rest of World,small-light,,<300,8.53 ,USD,
Sint Maarteen,Rest of World,small-light,,<300,10.88 ,USD,
Sierra Leone,Rest of World,small-light,,<300,10.88 ,USD,
Seychelles,Rest of World,small-light,,<300,7.06 ,USD,
Senegal,Rest of World,small-light,,<300,8.09 ,USD,
Sao Tome and Principe,Rest of World,small-light,,<300,10.88 ,USD,
San Marino,Rest of World,small-light,,<300,11.32 ,USD,
"Samoa, Western",Rest of World,small-light,,<300,15.59 ,USD,
Saint Vincent and The Grenadies,Rest of World,small-light,,<300,10.44 ,USD,
Saint Pierre And Miquelon,Rest of World,small-light,,<300,10.59 ,USD,
Saint Lucia,Rest of World,small-light,,<300,8.97 ,USD,
Saint Kitts And Nevis,Rest of World,small-light,,<300,10.44 ,USD,
Saint Helena,Rest of World,small-light,,<300,10.88 ,USD,
Rwanda,Rest of World,small-light,,<300,8.53 ,USD,
Reunion,Rest of World,small-light,,<300,11.91 ,USD,
Pitcairn,Rest of World,small-light,,<300,16.47 ,USD,
Papua New Guinea,Rest of World,small-light,,<300,12.65 ,USD,
Palestine,Rest of World,small-light,,<300,22.35 ,USD,
Northern Mariana Islands,Rest of World,small-light,,<300,11.76 ,USD,
Norfolk Island,Rest of World,small-light,,<300,12.50 ,USD,
Niue,Rest of World,small-light,,<300,16.76 ,USD,
Niger,Rest of World,small-light,,<300,9.12 ,USD,
New Caledonia,Rest of World,small-light,,<300,12.65 ,USD,
Nauru,Rest of World,small-light,,<300,16.18 ,USD,
Namibia,Rest of World,small-light,,<300,10.00 ,USD,
Montserrat,Rest of World,small-light,,<300,10.44 ,USD,
Martinique,Rest of World,small-light,,<300,11.76 ,USD,
Marshall Islands,Rest of World,small-light,,<300,11.18 ,USD,
Mali,Rest of World,small-light,,<300,9.56 ,USD,
Malawi,Rest of World,small-light,,<300,8.53 ,USD,
Liechtenstein,Rest of World,small-light,,<300,10.74 ,USD,
Liberia,Rest of World,small-light,,<300,10.29 ,USD,
Lesotho,Rest of World,small-light,,<300,10.88 ,USD,
Kosovo,Rest of World,small-light,,<300,9.12 ,USD,
Kiribati,Rest of World,small-light,,<300,13.38 ,USD,
Jersey,Rest of World,small-light,,<300,7.50 ,USD,
Jamaica,Rest of World,small-light,,<300,8.97 ,USD,
Isle of Man,Rest of World,small-light,,<300,7.50 ,USD,
Iceland,Rest of World,small-light,,<300,8.09 ,USD,
Haiti,Rest of World,small-light,,<300,10.44 ,USD,
Guinea,Rest of World,small-light,,<300,9.26 ,USD,
Guernsey,Rest of World,small-light,,<300,7.50 ,USD,
Guam,Rest of World,small-light,,<300,12.06 ,USD,
Guadeloupe,Rest of World,small-light,,<300,11.32 ,USD,
Grenada,Rest of World,small-light,,<300,9.85 ,USD,
Greenland,Rest of World,small-light,,<300,17.50 ,USD,
Gibraltar,Rest of World,small-light,,<300,11.91 ,USD,
Gambia,Rest of World,small-light,,<300,9.85 ,USD,
Gabon,Rest of World,small-light,,<300,9.12 ,USD,
French Polynesia,Rest of World,small-light,,<300,12.65 ,USD,
Fiji,Rest of World,small-light,,<300,12.65 ,USD,
Faroe Islands,Rest of World,small-light,,<300,15.29 ,USD,
Falkland Islands,Rest of World,small-light,,<300,16.18 ,USD,
Eritrea,Rest of World,small-light,,<300,9.85 ,USD,
Equatorial Guinea,Rest of World,small-light,,<300,9.56 ,USD,
Dominica,Rest of World,small-light,,<300,10.44 ,USD,
Djibouti,Rest of World,small-light,,<300,10.88 ,USD,
Curacao,Rest of World,small-light,,<300,9.85 ,USD,
Cote D'Ivoire,Rest of World,small-light,,<300,8.53 ,USD,
Cook Islands,Rest of World,small-light,,<300,22.35 ,USD,
Comoros,Rest of World,small-light,,<300,9.12 ,USD,
Chad,Rest of World,small-light,,<300,10.29 ,USD,
Central African Republic,Rest of World,small-light,,<300,10.88 ,USD,
Cayman Islands,Rest of World,small-light,,<300,9.85 ,USD,
Cape Verde,Rest of World,small-light,,<300,10.88 ,USD,
Burundi,Rest of World,small-light,,<300,9.85 ,USD,
Burkina Faso,Rest of World,small-light,,<300,9.56 ,USD,
Botswana,Rest of World,small-light,,<300,8.97 ,USD,
Bonaire,Rest of World,small-light,,<300,10.88 ,USD,
Bhutan,Rest of World,small-light,,<300,7.35 ,USD,
Bermuda,Rest of World,small-light,,<300,8.97 ,USD,
Benin,Rest of World,small-light,,<300,9.41 ,USD,
Barbados,Rest of World,small-light,,<300,8.97 ,USD,
Bahamas,Rest of World,small-light,,<300,9.41 ,USD,
Ascension Island,Rest of World,small-light,,<300,11.76 ,USD,
Aruba,Rest of World,small-light,,<300,11.03 ,USD,
Antigua and Barbuda,Rest of World,small-light,,<300,8.53 ,USD,
Anguilla,Rest of World,small-light,,<300,10.44 ,USD,
Andorra,Rest of World,small-light,,<300,8.09 ,USD,
American Samoa,Rest of World,small-light,,<300,11.32 ,USD,
Algeria,Rest of World,small-light,,<300,8.82 ,USD,
